time,load_shortfall_3h
2018-01-01 00:00:00,9017.689
2018-01-01 03:00:00,4795.732
2018-01-01 06:00:00,4262.685
2018-01-01 09:00:00,7430.121
2018-01-01 12:00:00,12520.358
2018-01-01 15:00:00,12883.796
2018-01-01 18:00:00,12322.656
2018-01-01 21:00:00,12310.851
2018-01-02 00:00:00,10371.046
2018-01-02 03:00:00,6988.549
2018-01-02 06:00:00,5155.844
2018-01-02 09:00:00,7111.501
2018-01-02 12:00:00,9357.325
2018-01-02 15:00:00,9301.977
2018-01-02 18:00:00,11292.678
2018-01-02 21:00:00,9138.495
2018-01-03 00:00:00,12188.866
2018-01-03 03:00:00,4365.3667
2018-01-03 06:00:00,4276.413
2018-01-03 09:00:00,6355.9526
2018-01-03 12:00:00,7975.1147
2018-01-03 15:00:00,6603.9307
2018-01-03 18:00:00,8061.2593
2018-01-03 21:00:00,8315.762
2018-01-04 00:00:00,8125.2676
2018-01-04 03:00:00,4131.3267
2018-01-04 06:00:00,3936.8682
2018-01-04 09:00:00,5751.548
2018-01-04 12:00:00,7876.586
2018-01-04 15:00:00,7000.9873
2018-01-04 18:00:00,6589.5356
2018-01-04 21:00:00,7250.43
2018-01-05 00:00:00,9674.707
2018-01-05 03:00:00,9623.213
2018-01-05 06:00:00,5387.7017
2018-01-05 09:00:00,5992.2314
2018-01-05 12:00:00,7159.339
2018-01-05 15:00:00,5479.1284
2018-01-05 18:00:00,7815.6353
2018-01-05 21:00:00,8508.819
2018-01-06 00:00:00,9598.464
2018-01-06 03:00:00,6517.113
2018-01-06 06:00:00,5279.9443
2018-01-06 09:00:00,10630.158
2018-01-06 12:00:00,10969.792
2018-01-06 15:00:00,7852.498
2018-01-06 18:00:00,8395.748
2018-01-06 21:00:00,9505.262
2018-01-07 00:00:00,11524.972
2018-01-07 03:00:00,7337.269
2018-01-07 06:00:00,5258.224
2018-01-07 09:00:00,11045.195
2018-01-07 12:00:00,13120.343
2018-01-07 15:00:00,12658.662
2018-01-07 18:00:00,11873.595
2018-01-07 21:00:00,11084.426
2018-01-08 00:00:00,13046.7
2018-01-08 03:00:00,9293.059
2018-01-08 06:00:00,9298.692
2018-01-08 09:00:00,12742.676
2018-01-08 12:00:00,13710.3125
2018-01-08 15:00:00,14610.244
2018-01-08 18:00:00,13281.085
2018-01-08 21:00:00,12909.096
2018-01-09 00:00:00,15747.29
2018-01-09 03:00:00,9815.746
2018-01-09 06:00:00,7824.6167
2018-01-09 09:00:00,11819.877
2018-01-09 12:00:00,13070.244
2018-01-09 15:00:00,14179.01
2018-01-09 18:00:00,12733.466
2018-01-09 21:00:00,13336.253
2018-01-10 00:00:00,13407.643
2018-01-10 03:00:00,10212.944
2018-01-10 06:00:00,8908.51
2018-01-10 09:00:00,13670.324
2018-01-10 12:00:00,14072.562
2018-01-10 15:00:00,15171.89
2018-01-10 18:00:00,14498.211
2018-01-10 21:00:00,15097.503
2018-01-11 00:00:00,13779.238
2018-01-11 03:00:00,10795.333
2018-01-11 06:00:00,9506.271
2018-01-11 09:00:00,12069.823
2018-01-11 12:00:00,14070.68
2018-01-11 15:00:00,13426.671
2018-01-11 18:00:00,12759.558
2018-01-11 21:00:00,15668.213
2018-01-12 00:00:00,13117.255
2018-01-12 03:00:00,10190.483
2018-01-12 06:00:00,8905.485
2018-01-12 09:00:00,11289.54
2018-01-12 12:00:00,14978.441
2018-01-12 15:00:00,17365.625
2018-01-12 18:00:00,17467.348
2018-01-12 21:00:00,17395.154
2018-01-13 00:00:00,13420.666
2018-01-13 03:00:00,8593.331
2018-01-13 06:00:00,6538.2383
2018-01-13 09:00:00,9050.484
2018-01-13 12:00:00,12575.313
2018-01-13 15:00:00,11674.439
2018-01-13 18:00:00,11124.633
2018-01-13 21:00:00,11674.749
2018-01-14 00:00:00,10905.683
2018-01-14 03:00:00,7100.966
2018-01-14 06:00:00,6729.3184
2018-01-14 09:00:00,4852.7676
2018-01-14 12:00:00,10120.015
2018-01-14 15:00:00,10492.35
2018-01-14 18:00:00,9142.982
2018-01-14 21:00:00,10055.734
2018-01-15 00:00:00,12707.481
2018-01-15 03:00:00,7015.0815
2018-01-15 06:00:00,5769.753
2018-01-15 09:00:00,10773.394
2018-01-15 12:00:00,14824.937
2018-01-15 15:00:00,13584.488
2018-01-15 18:00:00,13397.45
2018-01-15 21:00:00,13941.561
2018-01-16 00:00:00,12828.425
2018-01-16 03:00:00,7174.567
2018-01-16 06:00:00,4348.1836
2018-01-16 09:00:00,11926.09
2018-01-16 12:00:00,15336.843
2018-01-16 15:00:00,14523.964
2018-01-16 18:00:00,13658.563
2018-01-16 21:00:00,14596.755
2018-01-17 00:00:00,14387.267
2018-01-17 03:00:00,4169.744
2018-01-17 06:00:00,4081.39
2018-01-17 09:00:00,10909.978
2018-01-17 12:00:00,12701.7705
2018-01-17 15:00:00,12264.849
2018-01-17 18:00:00,11972.958
2018-01-17 21:00:00,15668.581
2018-01-18 00:00:00,14523.348
2018-01-18 03:00:00,9785.376
2018-01-18 06:00:00,7622.133
2018-01-18 09:00:00,13085.53
2018-01-18 12:00:00,16752.256
2018-01-18 15:00:00,15113.802
2018-01-18 18:00:00,14310.652
2018-01-18 21:00:00,17417.686
2018-01-19 00:00:00,17097.152
2018-01-19 03:00:00,8170.0845
2018-01-19 06:00:00,6200.843
2018-01-19 09:00:00,11707.806
2018-01-19 12:00:00,15116.9375
2018-01-19 15:00:00,13484.475
2018-01-19 18:00:00,13304.821
2018-01-19 21:00:00,14972.301
2018-01-20 00:00:00,14596.133
2018-01-20 03:00:00,7149.831
2018-01-20 06:00:00,6387.1787
2018-01-20 09:00:00,7496.908
2018-01-20 12:00:00,12065.224
2018-01-20 15:00:00,11810.065
2018-01-20 18:00:00,10904.323
2018-01-20 21:00:00,13772.289
2018-01-21 00:00:00,9982.5205
2018-01-21 03:00:00,5385.2217
2018-01-21 06:00:00,4318.9355
2018-01-21 09:00:00,6070.0737
2018-01-21 12:00:00,9637.314
2018-01-21 15:00:00,8339.872
2018-01-21 18:00:00,7950.798
2018-01-21 21:00:00,10559.403
2018-01-22 00:00:00,12483.005
2018-01-22 03:00:00,8506.836
2018-01-22 06:00:00,9240.838
2018-01-22 09:00:00,12357.124
2018-01-22 12:00:00,15372.267
2018-01-22 15:00:00,14300.666
2018-01-22 18:00:00,12827.39
2018-01-22 21:00:00,14836.077
2018-01-23 00:00:00,12631.407
2018-01-23 03:00:00,6551.3203
2018-01-23 06:00:00,8777.447
2018-01-23 09:00:00,13381.448
2018-01-23 12:00:00,16771.986
2018-01-23 15:00:00,14367.532
2018-01-23 18:00:00,14193.743
2018-01-23 21:00:00,15817.719
2018-01-24 00:00:00,14232.504
2018-01-24 03:00:00,9698.063
2018-01-24 06:00:00,7475.453
2018-01-24 09:00:00,13177.739
2018-01-24 12:00:00,16769.686
2018-01-24 15:00:00,16718.72
2018-01-24 18:00:00,15430.646
2018-01-24 21:00:00,17784.484
2018-01-25 00:00:00,15650.459
2018-01-25 03:00:00,10987.768
2018-01-25 06:00:00,10718.766
2018-01-25 09:00:00,14133.524
2018-01-25 12:00:00,15698.608
2018-01-25 15:00:00,15363.013
2018-01-25 18:00:00,12725.169
2018-01-25 21:00:00,16483.66
2018-01-26 00:00:00,13113.114
2018-01-26 03:00:00,6428.019
2018-01-26 06:00:00,3576.3005
2018-01-26 09:00:00,9362.787
2018-01-26 12:00:00,13946.133
2018-01-26 15:00:00,12667.254
2018-01-26 18:00:00,11355.8955
2018-01-26 21:00:00,12866.168
2018-01-27 00:00:00,11827.531
2018-01-27 03:00:00,6612.795
2018-01-27 06:00:00,3219.5369
2018-01-27 09:00:00,7594.1646
2018-01-27 12:00:00,10247.501
2018-01-27 15:00:00,9954.402
2018-01-27 18:00:00,9206.644
2018-01-27 21:00:00,12560.703
2018-01-28 00:00:00,11877.469
2018-01-28 03:00:00,7388.7725
2018-01-28 06:00:00,5883.0527
2018-01-28 09:00:00,4600.26
2018-01-28 12:00:00,7374.6606
2018-01-28 15:00:00,6275.4053
2018-01-28 18:00:00,7451.4995
2018-01-28 21:00:00,10179.092
2018-01-29 00:00:00,13296.489
2018-01-29 03:00:00,7847.1724
2018-01-29 06:00:00,9241.912
2018-01-29 09:00:00,12439.382
2018-01-29 12:00:00,15348.288
2018-01-29 15:00:00,14014.88
2018-01-29 18:00:00,12453.183
2018-01-29 21:00:00,16216.456
2018-01-30 00:00:00,13558.133
2018-01-30 03:00:00,10282.443
2018-01-30 06:00:00,8924.965
2018-01-30 09:00:00,12820.573
2018-01-30 12:00:00,14454.441
2018-01-30 15:00:00,14829.507
2018-01-30 18:00:00,13430.464
2018-01-30 21:00:00,17174.143
2018-01-31 00:00:00,16724.943
2018-01-31 03:00:00,10330.654
2018-01-31 06:00:00,9312.282
2018-01-31 09:00:00,13784.813
2018-01-31 12:00:00,16277.58
2018-01-31 15:00:00,14567.55
2018-01-31 18:00:00,13639.317
2018-01-31 21:00:00,16836.209
2018-02-01 00:00:00,16188.763
2018-02-01 03:00:00,11260.981
2018-02-01 06:00:00,7342.8535
2018-02-01 09:00:00,10857.291
2018-02-01 12:00:00,13995.905
2018-02-01 15:00:00,13057.88
2018-02-01 18:00:00,12910.221
2018-02-01 21:00:00,13449.827
2018-02-02 00:00:00,13164.048
2018-02-02 03:00:00,7022.318
2018-02-02 06:00:00,5761.393
2018-02-02 09:00:00,7431.4053
2018-02-02 12:00:00,7373.472
2018-02-02 15:00:00,7328.7725
2018-02-02 18:00:00,6506.27
2018-02-02 21:00:00,8308.9795
2018-02-03 00:00:00,6081.1846
2018-02-03 03:00:00,1646.6545
2018-02-03 06:00:00,1238.2362
2018-02-03 09:00:00,3508.0342
2018-02-03 12:00:00,6858.769
2018-02-03 15:00:00,8059.5596
2018-02-03 18:00:00,7885.3823
2018-02-03 21:00:00,5641.05
2018-02-04 00:00:00,7323.936
2018-02-04 03:00:00,7302.092
2018-02-04 06:00:00,2736.5935
2018-02-04 09:00:00,6879.616
2018-02-04 12:00:00,7068.4863
2018-02-04 15:00:00,7143.251
2018-02-04 18:00:00,6227.0244
2018-02-04 21:00:00,5419.18
2018-02-05 00:00:00,6127.3
2018-02-05 03:00:00,5869.1807
2018-02-05 06:00:00,4741.996
2018-02-05 09:00:00,6967.2476
2018-02-05 12:00:00,6634.3833
2018-02-05 15:00:00,7223.872
2018-02-05 18:00:00,6226.3433
2018-02-05 21:00:00,6285.8413
2018-02-06 00:00:00,9635.291
2018-02-06 03:00:00,8240.825
2018-02-06 06:00:00,7388.5127
2018-02-06 09:00:00,9269.804
2018-02-06 12:00:00,12055.698
2018-02-06 15:00:00,11404.988
2018-02-06 18:00:00,12342.287
2018-02-06 21:00:00,12706.264
2018-02-07 00:00:00,11423.748
2018-02-07 03:00:00,10064.144
2018-02-07 06:00:00,10407.571
2018-02-07 09:00:00,12200.295
2018-02-07 12:00:00,15339.361
2018-02-07 15:00:00,15389.918
2018-02-07 18:00:00,13720.008
2018-02-07 21:00:00,16183.021
2018-02-08 00:00:00,12808.323
2018-02-08 03:00:00,8832.967
2018-02-08 06:00:00,8578.475
2018-02-08 09:00:00,10305.302
2018-02-08 12:00:00,12116.302
2018-02-08 15:00:00,12432.238
2018-02-08 18:00:00,11000.498
2018-02-08 21:00:00,15520.802
2018-02-09 00:00:00,14444.318
2018-02-09 03:00:00,10040.043
2018-02-09 06:00:00,9966.467
2018-02-09 09:00:00,13352.591
2018-02-09 12:00:00,15091.46
2018-02-09 15:00:00,13706.486
2018-02-09 18:00:00,12828.836
2018-02-09 21:00:00,14988.409
2018-02-10 00:00:00,13753.025
2018-02-10 03:00:00,11200.95
2018-02-10 06:00:00,10292.419
2018-02-10 09:00:00,9062.061
2018-02-10 12:00:00,13269.607
2018-02-10 15:00:00,13783.369
2018-02-10 18:00:00,12639.815
2018-02-10 21:00:00,14435.49
2018-02-11 00:00:00,13672.608
2018-02-11 03:00:00,8656.867
2018-02-11 06:00:00,7767.232
2018-02-11 09:00:00,9421.749
2018-02-11 12:00:00,12652.351
2018-02-11 15:00:00,13005.049
2018-02-11 18:00:00,11830.247
2018-02-11 21:00:00,14733.234
2018-02-12 00:00:00,13519.245
2018-02-12 03:00:00,10962.628
2018-02-12 06:00:00,9177.174
2018-02-12 09:00:00,15700.911
2018-02-12 12:00:00,18200.947
2018-02-12 15:00:00,15054.382
2018-02-12 18:00:00,14937.03
2018-02-12 21:00:00,17377.625
2018-02-13 00:00:00,17384.877
2018-02-13 03:00:00,8439.452
2018-02-13 06:00:00,8143.841
2018-02-13 09:00:00,11037.632
2018-02-13 12:00:00,11786.561
2018-02-13 15:00:00,10229.5
2018-02-13 18:00:00,9040.601
2018-02-13 21:00:00,12181.013
2018-02-14 00:00:00,12089.313
2018-02-14 03:00:00,2802.9316
2018-02-14 06:00:00,1197.1576
2018-02-14 09:00:00,7522.4717
2018-02-14 12:00:00,11474.91
2018-02-14 15:00:00,10580.712
2018-02-14 18:00:00,8986.974
2018-02-14 21:00:00,14918.635
2018-02-15 00:00:00,14487.972
2018-02-15 03:00:00,8887.856
2018-02-15 06:00:00,6075.094
2018-02-15 09:00:00,12735.1875
2018-02-15 12:00:00,15158.243
2018-02-15 15:00:00,14129.408
2018-02-15 18:00:00,14066.415
2018-02-15 21:00:00,15953.594
2018-02-16 00:00:00,16313.055
2018-02-16 03:00:00,10386.418
2018-02-16 06:00:00,8559.708
2018-02-16 09:00:00,14692.137
2018-02-16 12:00:00,17190.285
2018-02-16 15:00:00,15280.647
2018-02-16 18:00:00,13140.003
2018-02-16 21:00:00,17629.656
2018-02-17 00:00:00,15023.439
2018-02-17 03:00:00,8538.234
2018-02-17 06:00:00,7218.0435
2018-02-17 09:00:00,9091.332
2018-02-17 12:00:00,11712.41
2018-02-17 15:00:00,11123.947
2018-02-17 18:00:00,9976.18
2018-02-17 21:00:00,12277.666
2018-02-18 00:00:00,13514.547
2018-02-18 03:00:00,7383.0093
2018-02-18 06:00:00,7244.248
2018-02-18 09:00:00,5076.7974
2018-02-18 12:00:00,10147.844
2018-02-18 15:00:00,7270.5464
2018-02-18 18:00:00,8404.36
2018-02-18 21:00:00,9799.144
2018-02-19 00:00:00,12871.782
2018-02-19 03:00:00,8971.647
2018-02-19 06:00:00,8060.2026
2018-02-19 09:00:00,11299.39
2018-02-19 12:00:00,12463.365
2018-02-19 15:00:00,13193.505
2018-02-19 18:00:00,10058.79
2018-02-19 21:00:00,10920.346
2018-02-20 00:00:00,10986.202
2018-02-20 03:00:00,4058.1199
2018-02-20 06:00:00,3370.632
2018-02-20 09:00:00,9001.027
2018-02-20 12:00:00,12659.033
2018-02-20 15:00:00,7697.4043
2018-02-20 18:00:00,9725.767
2018-02-20 21:00:00,10059.472
2018-02-21 00:00:00,8420.916
2018-02-21 03:00:00,2669.9285
2018-02-21 06:00:00,2399.972
2018-02-21 09:00:00,7285.357
2018-02-21 12:00:00,8191.8623
2018-02-21 15:00:00,9115.846
2018-02-21 18:00:00,10779.889
2018-02-21 21:00:00,14961.574
2018-02-22 00:00:00,12321.575
2018-02-22 03:00:00,7629.876
2018-02-22 06:00:00,5759.1265
2018-02-22 09:00:00,9247.144
2018-02-22 12:00:00,12346.777
2018-02-22 15:00:00,11810.731
2018-02-22 18:00:00,9166.687
2018-02-22 21:00:00,15173.289
2018-02-23 00:00:00,7522.5635
2018-02-23 03:00:00,6932.821
2018-02-23 06:00:00,5266.42
2018-02-23 09:00:00,11135.166
2018-02-23 12:00:00,13334.163
2018-02-23 15:00:00,12019.15
2018-02-23 18:00:00,11069.312
2018-02-23 21:00:00,14481.181
2018-02-24 00:00:00,11824.547
2018-02-24 03:00:00,8972.896
2018-02-24 06:00:00,6924.3438
2018-02-24 09:00:00,7332.718
2018-02-24 12:00:00,10855.252
2018-02-24 15:00:00,9455.795
2018-02-24 18:00:00,8569.402
2018-02-24 21:00:00,11561.122
2018-02-25 00:00:00,14075.61
2018-02-25 03:00:00,9715.856
2018-02-25 06:00:00,8380.443
2018-02-25 09:00:00,8304.955
2018-02-25 12:00:00,10463.042
2018-02-25 15:00:00,8200.335
2018-02-25 18:00:00,6908.5156
2018-02-25 21:00:00,9925.635
2018-02-26 00:00:00,7759.2583
2018-02-26 03:00:00,6115.815
2018-02-26 06:00:00,2933.631
2018-02-26 09:00:00,8512.047
2018-02-26 12:00:00,9280.99
2018-02-26 15:00:00,8722.457
2018-02-26 18:00:00,8414.722
2018-02-26 21:00:00,12041.077
2018-02-27 00:00:00,10756.776
2018-02-27 03:00:00,4081.482
2018-02-27 06:00:00,2513.7283
2018-02-27 09:00:00,8553.946
2018-02-27 12:00:00,11848.657
2018-02-27 15:00:00,11249.535
2018-02-27 18:00:00,11470.413
2018-02-27 21:00:00,12580.298
2018-02-28 00:00:00,9598.738
2018-02-28 03:00:00,4075.5376
2018-02-28 06:00:00,2656.1738
2018-02-28 09:00:00,4606.202
2018-02-28 12:00:00,7269.283
2018-02-28 15:00:00,4806.001
2018-02-28 18:00:00,4707.088
2018-02-28 21:00:00,5948.2246
2018-03-01 00:00:00,10889.493
2018-03-01 03:00:00,6758.186
2018-03-01 06:00:00,5182.092
2018-03-01 09:00:00,9120.013
2018-03-01 12:00:00,11407.451
2018-03-01 15:00:00,10756.96
2018-03-01 18:00:00,11317.995
2018-03-01 21:00:00,13165.312
2018-03-02 00:00:00,8035.9517
2018-03-02 03:00:00,5612.3984
2018-03-02 06:00:00,1750.5957
2018-03-02 09:00:00,7100.123
2018-03-02 12:00:00,9278.69
2018-03-02 15:00:00,8595.594
2018-03-02 18:00:00,9077.518
2018-03-02 21:00:00,9581.159
2018-03-03 00:00:00,9169.552
2018-03-03 03:00:00,6903.923
2018-03-03 06:00:00,5713.8555
2018-03-03 09:00:00,9621.121
2018-03-03 12:00:00,8112.229
2018-03-03 15:00:00,7309.4272
2018-03-03 18:00:00,5277.561
2018-03-03 21:00:00,6608.9272
2018-03-04 00:00:00,7478.415
2018-03-04 03:00:00,4294.65
2018-03-04 06:00:00,2761.5889
2018-03-04 09:00:00,8580.91
2018-03-04 12:00:00,6937.4663
2018-03-04 15:00:00,4858.6704
2018-03-04 18:00:00,5544.997
2018-03-04 21:00:00,6922.062
2018-03-05 00:00:00,9442.502
2018-03-05 03:00:00,4586.6274
2018-03-05 06:00:00,6756.4106
2018-03-05 09:00:00,8136.1606
2018-03-05 12:00:00,6542.3164
2018-03-05 15:00:00,9902.973
2018-03-05 18:00:00,8211.616
2018-03-05 21:00:00,6689.827
2018-03-06 00:00:00,8220.367
2018-03-06 03:00:00,7204.597
2018-03-06 06:00:00,5461.4966
2018-03-06 09:00:00,8681.337
2018-03-06 12:00:00,8786.806
2018-03-06 15:00:00,8238.0
2018-03-06 18:00:00,7156.251
2018-03-06 21:00:00,8318.87
2018-03-07 00:00:00,10677.915
2018-03-07 03:00:00,9103.562
2018-03-07 06:00:00,8411.837
2018-03-07 09:00:00,12533.2295
2018-03-07 12:00:00,12881.176
2018-03-07 15:00:00,13324.774
2018-03-07 18:00:00,12994.931
2018-03-07 21:00:00,13484.598
2018-03-08 00:00:00,11511.854
2018-03-08 03:00:00,8520.528
2018-03-08 06:00:00,7665.1704
2018-03-08 09:00:00,12196.523
2018-03-08 12:00:00,14093.083
2018-03-08 15:00:00,13575.063
2018-03-08 18:00:00,12181.608
2018-03-08 21:00:00,13671.611
2018-03-09 00:00:00,13445.169
2018-03-09 03:00:00,10705.058
2018-03-09 06:00:00,10292.663
2018-03-09 09:00:00,14195.775
2018-03-09 12:00:00,13944.303
2018-03-09 15:00:00,11837.882
2018-03-09 18:00:00,12740.3545
2018-03-09 21:00:00,13977.689
2018-03-10 00:00:00,13742.101
2018-03-10 03:00:00,10533.028
2018-03-10 06:00:00,9409.592
2018-03-10 09:00:00,11488.363
2018-03-10 12:00:00,10955.847
2018-03-10 15:00:00,10996.759
2018-03-10 18:00:00,13420.015
2018-03-10 21:00:00,13273.46
2018-03-11 00:00:00,13671.971
2018-03-11 03:00:00,5824.7383
2018-03-11 06:00:00,4352.456
2018-03-11 09:00:00,8148.6606
2018-03-11 12:00:00,8117.189
2018-03-11 15:00:00,6657.5166
2018-03-11 18:00:00,8181.5127
2018-03-11 21:00:00,8612.938
2018-03-12 00:00:00,13719.911
2018-03-12 03:00:00,10990.818
2018-03-12 06:00:00,10861.319
2018-03-12 09:00:00,13764.614
2018-03-12 12:00:00,16741.36
2018-03-12 15:00:00,16725.693
2018-03-12 18:00:00,13852.75
2018-03-12 21:00:00,17910.467
2018-03-13 00:00:00,13678.53
2018-03-13 03:00:00,6577.673
2018-03-13 06:00:00,6145.222
2018-03-13 09:00:00,10143.323
2018-03-13 12:00:00,9557.087
2018-03-13 15:00:00,9670.437
2018-03-13 18:00:00,8298.762
2018-03-13 21:00:00,10900.146
2018-03-14 00:00:00,12968.782
2018-03-14 03:00:00,6658.5527
2018-03-14 06:00:00,4696.7075
2018-03-14 09:00:00,8939.563
2018-03-14 12:00:00,8135.7256
2018-03-14 15:00:00,6920.3535
2018-03-14 18:00:00,5159.9795
2018-03-14 21:00:00,8035.857
2018-03-15 00:00:00,7231.6733
2018-03-15 03:00:00,4178.2676
2018-03-15 06:00:00,2528.8384
2018-03-15 09:00:00,4276.4185
2018-03-15 12:00:00,6771.4243
2018-03-15 15:00:00,5833.222
2018-03-15 18:00:00,5354.76
2018-03-15 21:00:00,8536.979
2018-03-16 00:00:00,7678.559
2018-03-16 03:00:00,6587.8726
2018-03-16 06:00:00,4266.5557
2018-03-16 09:00:00,5720.6797
2018-03-16 12:00:00,7377.446
2018-03-16 15:00:00,6743.8867
2018-03-16 18:00:00,5961.8613
2018-03-16 21:00:00,7600.921
2018-03-17 00:00:00,10692.993
2018-03-17 03:00:00,4869.5034
2018-03-17 06:00:00,3035.3281
2018-03-17 09:00:00,4026.0938
2018-03-17 12:00:00,8266.982
2018-03-17 15:00:00,7946.0054
2018-03-17 18:00:00,5715.599
2018-03-17 21:00:00,7467.3364
2018-03-18 00:00:00,9228.479
2018-03-18 03:00:00,3900.5896
2018-03-18 06:00:00,3189.5342
2018-03-18 09:00:00,3045.8284
2018-03-18 12:00:00,3636.8682
2018-03-18 15:00:00,4373.6045
2018-03-18 18:00:00,2507.921
2018-03-18 21:00:00,5307.1055
2018-03-19 00:00:00,9897.532
2018-03-19 03:00:00,2763.2705
2018-03-19 06:00:00,3945.1086
2018-03-19 09:00:00,7469.14
2018-03-19 12:00:00,7865.789
2018-03-19 15:00:00,7817.316
2018-03-19 18:00:00,6909.1885
2018-03-19 21:00:00,8742.839
2018-03-20 00:00:00,8337.256
2018-03-20 03:00:00,6929.6816
2018-03-20 06:00:00,2276.8135
2018-03-20 09:00:00,7091.1274
2018-03-20 12:00:00,10727.499
2018-03-20 15:00:00,7343.0845
2018-03-20 18:00:00,6868.7935
2018-03-20 21:00:00,9584.148
2018-03-21 00:00:00,10268.451
2018-03-21 03:00:00,5491.65
2018-03-21 06:00:00,2544.5415
2018-03-21 09:00:00,10166.68
2018-03-21 12:00:00,7516.852
2018-03-21 15:00:00,5014.58
2018-03-21 18:00:00,6652.5894
2018-03-21 21:00:00,9587.388
2018-03-22 00:00:00,9371.066
2018-03-22 03:00:00,4977.935
2018-03-22 06:00:00,4308.06
2018-03-22 09:00:00,9903.222
2018-03-22 12:00:00,11151.349
2018-03-22 15:00:00,10599.325
2018-03-22 18:00:00,6223.649
2018-03-22 21:00:00,11562.385
2018-03-23 00:00:00,13060.141
2018-03-23 03:00:00,7231.7026
2018-03-23 06:00:00,4759.007
2018-03-23 09:00:00,10428.417
2018-03-23 12:00:00,8301.556
2018-03-23 15:00:00,10238.997
2018-03-23 18:00:00,5865.9253
2018-03-23 21:00:00,6265.3213
2018-03-24 00:00:00,8754.882
2018-03-24 03:00:00,4288.8506
2018-03-24 06:00:00,2799.946
2018-03-24 09:00:00,4329.3174
2018-03-24 12:00:00,4780.595
2018-03-24 15:00:00,5358.329
2018-03-24 18:00:00,3669.4314
2018-03-24 21:00:00,5329.7295
2018-03-25 00:00:00,7168.639
2018-03-25 03:00:00,3006.7053
2018-03-25 06:00:00,2096.5781
2018-03-25 09:00:00,645.34656
2018-03-25 12:00:00,7083.02
2018-03-25 15:00:00,4905.906
2018-03-25 18:00:00,4465.451
2018-03-25 21:00:00,4931.1597
2018-03-26 00:00:00,9886.17
2018-03-26 03:00:00,5743.0728
2018-03-26 06:00:00,4431.7925
2018-03-26 09:00:00,9358.274
2018-03-26 12:00:00,8960.088
2018-03-26 15:00:00,6972.001
2018-03-26 18:00:00,5081.506
2018-03-26 21:00:00,8411.996
2018-03-27 00:00:00,9861.45
2018-03-27 03:00:00,6851.9355
2018-03-27 06:00:00,2676.8462
2018-03-27 09:00:00,8126.317
2018-03-27 12:00:00,10913.032
2018-03-27 15:00:00,10161.707
2018-03-27 18:00:00,6807.842
2018-03-27 21:00:00,9126.311
2018-03-28 00:00:00,11571.541
2018-03-28 03:00:00,6773.0776
2018-03-28 06:00:00,3839.4116
2018-03-28 09:00:00,10711.116
2018-03-28 12:00:00,10937.514
2018-03-28 15:00:00,6347.129
2018-03-28 18:00:00,5488.4917
2018-03-28 21:00:00,5537.3647
2018-03-29 00:00:00,8191.7646
2018-03-29 03:00:00,4608.312
2018-03-29 06:00:00,2357.906
2018-03-29 09:00:00,6838.288
2018-03-29 12:00:00,8699.912
2018-03-29 15:00:00,8860.605
2018-03-29 18:00:00,4418.566
2018-03-29 21:00:00,7019.742
2018-03-30 00:00:00,6778.397
2018-03-30 03:00:00,1138.641
2018-03-30 06:00:00,1423.1838
2018-03-30 09:00:00,6486.19
2018-03-30 12:00:00,5606.388
2018-03-30 15:00:00,4240.389
2018-03-30 18:00:00,1151.4794
2018-03-30 21:00:00,4970.269
2018-03-31 00:00:00,5105.941
2018-03-31 03:00:00,549.45306
2018-03-31 06:00:00,1277.7803
2018-03-31 09:00:00,1890.6279
2018-03-31 12:00:00,4053.6445
2018-03-31 15:00:00,2242.3413
2018-03-31 18:00:00,138.15645
2018-03-31 21:00:00,4252.009
2018-04-01 00:00:00,10339.407
2018-04-01 03:00:00,9135.712
2018-04-01 06:00:00,8116.552
2018-04-01 09:00:00,10683.912
2018-04-01 12:00:00,11835.655
2018-04-01 15:00:00,11972.282
2018-04-01 18:00:00,11332.413
2018-04-01 21:00:00,12471.967
2018-04-02 00:00:00,11974.297
2018-04-02 03:00:00,6296.491
2018-04-02 06:00:00,3770.2278
2018-04-02 09:00:00,7448.2344
2018-04-02 12:00:00,12383.335
2018-04-02 15:00:00,13123.867
2018-04-02 18:00:00,10843.985
2018-04-02 21:00:00,11450.556
2018-04-03 00:00:00,9549.686
2018-04-03 03:00:00,6846.0947
2018-04-03 06:00:00,7030.181
2018-04-03 09:00:00,10660.688
2018-04-03 12:00:00,8051.565
2018-04-03 15:00:00,6583.786
2018-04-03 18:00:00,4315.5596
2018-04-03 21:00:00,7307.173
2018-04-04 00:00:00,8441.137
2018-04-04 03:00:00,5721.739
2018-04-04 06:00:00,5326.341
2018-04-04 09:00:00,8840.41
2018-04-04 12:00:00,8375.938
2018-04-04 15:00:00,7427.5107
2018-04-04 18:00:00,6680.3564
2018-04-04 21:00:00,7056.9473
2018-04-05 00:00:00,11013.198
2018-04-05 03:00:00,6157.9717
2018-04-05 06:00:00,4115.4897
2018-04-05 09:00:00,9921.063
2018-04-05 12:00:00,10057.084
2018-04-05 15:00:00,10392.755
2018-04-05 18:00:00,7092.5547
2018-04-05 21:00:00,8270.771
2018-04-06 00:00:00,12213.265
2018-04-06 03:00:00,10650.148
2018-04-06 06:00:00,9322.134
2018-04-06 09:00:00,13145.26
2018-04-06 12:00:00,11297.3125
2018-04-06 15:00:00,11965.018
2018-04-06 18:00:00,9984.112
2018-04-06 21:00:00,11483.079
2018-04-07 00:00:00,10968.599
2018-04-07 03:00:00,7692.4062
2018-04-07 06:00:00,5547.2104
2018-04-07 09:00:00,10027.115
2018-04-07 12:00:00,12255.355
2018-04-07 15:00:00,11295.622
2018-04-07 18:00:00,11711.42
2018-04-07 21:00:00,13570.052
2018-04-08 00:00:00,13143.834
2018-04-08 03:00:00,8955.187
2018-04-08 06:00:00,8960.547
2018-04-08 09:00:00,13177.11
2018-04-08 12:00:00,12297.367
2018-04-08 15:00:00,12361.636
2018-04-08 18:00:00,10663.835
2018-04-08 21:00:00,12501.247
2018-04-09 00:00:00,12515.454
2018-04-09 03:00:00,9714.829
2018-04-09 06:00:00,10749.328
2018-04-09 09:00:00,13397.341
2018-04-09 12:00:00,15004.085
2018-04-09 15:00:00,12822.19
2018-04-09 18:00:00,12032.077
2018-04-09 21:00:00,13566.6875
2018-04-10 00:00:00,13923.05
2018-04-10 03:00:00,10827.099
2018-04-10 06:00:00,7043.3867
2018-04-10 09:00:00,8929.038
2018-04-10 12:00:00,13245.84
2018-04-10 15:00:00,11212.003
2018-04-10 18:00:00,9161.083
2018-04-10 21:00:00,10752.671
2018-04-11 00:00:00,11389.117
2018-04-11 03:00:00,4380.1743
2018-04-11 06:00:00,6937.873
2018-04-11 09:00:00,7237.5205
2018-04-11 12:00:00,9037.674
2018-04-11 15:00:00,8299.919
2018-04-11 18:00:00,7414.74
2018-04-11 21:00:00,8788.212
2018-04-12 00:00:00,13096.26
2018-04-12 03:00:00,10111.079
2018-04-12 06:00:00,9808.397
2018-04-12 09:00:00,11619.64
2018-04-12 12:00:00,15703.609
2018-04-12 15:00:00,12617.746
2018-04-12 18:00:00,12782.092
2018-04-12 21:00:00,13029.698
2018-04-13 00:00:00,12723.165
2018-04-13 03:00:00,4439.267
2018-04-13 06:00:00,4072.2188
2018-04-13 09:00:00,8155.1855
2018-04-13 12:00:00,11383.588
2018-04-13 15:00:00,11430.166
2018-04-13 18:00:00,9162.65
2018-04-13 21:00:00,11086.444
2018-04-14 00:00:00,12831.018
2018-04-14 03:00:00,8277.031
2018-04-14 06:00:00,6121.1284
2018-04-14 09:00:00,10377.986
2018-04-14 12:00:00,12991.542
2018-04-14 15:00:00,10261.471
2018-04-14 18:00:00,8331.909
2018-04-14 21:00:00,10113.751
2018-04-15 00:00:00,13159.085
2018-04-15 03:00:00,7454.3726
2018-04-15 06:00:00,4622.594
2018-04-15 09:00:00,5674.106
2018-04-15 12:00:00,7213.0337
2018-04-15 15:00:00,5440.8853
2018-04-15 18:00:00,2654.6992
2018-04-15 21:00:00,5139.263
2018-04-16 00:00:00,8761.22
2018-04-16 03:00:00,5801.141
2018-04-16 06:00:00,2867.5596
2018-04-16 09:00:00,9638.806
2018-04-16 12:00:00,8714.823
2018-04-16 15:00:00,9047.665
2018-04-16 18:00:00,8097.216
2018-04-16 21:00:00,7727.3115
2018-04-17 00:00:00,11847.917
2018-04-17 03:00:00,8011.2783
2018-04-17 06:00:00,8560.085
2018-04-17 09:00:00,11430.807
2018-04-17 12:00:00,13301.984
2018-04-17 15:00:00,12745.473
2018-04-17 18:00:00,11395.832
2018-04-17 21:00:00,12069.715
2018-04-18 00:00:00,13971.504
2018-04-18 03:00:00,9254.871
2018-04-18 06:00:00,7872.6885
2018-04-18 09:00:00,11316.152
2018-04-18 12:00:00,13617.649
2018-04-18 15:00:00,12109.59
2018-04-18 18:00:00,10819.012
2018-04-18 21:00:00,11524.595
2018-04-19 00:00:00,12314.851
2018-04-19 03:00:00,8669.588
2018-04-19 06:00:00,8128.4365
2018-04-19 09:00:00,11833.25
2018-04-19 12:00:00,12503.872
2018-04-19 15:00:00,10353.91
2018-04-19 18:00:00,7859.5713
2018-04-19 21:00:00,10953.563
2018-04-20 00:00:00,11829.039
2018-04-20 03:00:00,8641.849
2018-04-20 06:00:00,7390.0957
2018-04-20 09:00:00,9766.86
2018-04-20 12:00:00,10790.989
2018-04-20 15:00:00,10427.385
2018-04-20 18:00:00,8175.356
2018-04-20 21:00:00,9564.571
2018-04-21 00:00:00,13847.884
2018-04-21 03:00:00,9456.29
2018-04-21 06:00:00,7463.925
2018-04-21 09:00:00,11160.625
2018-04-21 12:00:00,12165.211
2018-04-21 15:00:00,11270.981
2018-04-21 18:00:00,10179.673
2018-04-21 21:00:00,11177.3545
2018-04-22 00:00:00,12591.494
2018-04-22 03:00:00,8367.004
2018-04-22 06:00:00,7048.404
2018-04-22 09:00:00,7873.1714
2018-04-22 12:00:00,9343.314
2018-04-22 15:00:00,9465.131
2018-04-22 18:00:00,7804.717
2018-04-22 21:00:00,8609.69
2018-04-23 00:00:00,11008.996
2018-04-23 03:00:00,6695.4653
2018-04-23 06:00:00,7396.213
2018-04-23 09:00:00,11554.235
2018-04-23 12:00:00,13209.845
2018-04-23 15:00:00,13771.466
2018-04-23 18:00:00,11986.645
2018-04-23 21:00:00,10951.748
2018-04-24 00:00:00,11793.884
2018-04-24 03:00:00,8675.329
2018-04-24 06:00:00,7243.09
2018-04-24 09:00:00,11508.323
2018-04-24 12:00:00,14883.978
2018-04-24 15:00:00,14319.941
2018-04-24 18:00:00,13736.187
2018-04-24 21:00:00,12157.55
2018-04-25 00:00:00,12847.456
2018-04-25 03:00:00,9380.97
2018-04-25 06:00:00,7086.588
2018-04-25 09:00:00,11872.973
2018-04-25 12:00:00,13658.281
2018-04-25 15:00:00,13364.4795
2018-04-25 18:00:00,10556.07
2018-04-25 21:00:00,11197.035
2018-04-26 00:00:00,11575.738
2018-04-26 03:00:00,7501.5635
2018-04-26 06:00:00,6135.869
2018-04-26 09:00:00,11699.344
2018-04-26 12:00:00,12837.105
2018-04-26 15:00:00,12696.398
2018-04-26 18:00:00,11540.873
2018-04-26 21:00:00,11029.488
2018-04-27 00:00:00,12558.279
2018-04-27 03:00:00,9003.666
2018-04-27 06:00:00,9377.997
2018-04-27 09:00:00,11246.408
2018-04-27 12:00:00,11989.468
2018-04-27 15:00:00,12760.129
2018-04-27 18:00:00,8653.779
2018-04-27 21:00:00,9465.672
2018-04-28 00:00:00,10480.002
2018-04-28 03:00:00,5300.0864
2018-04-28 06:00:00,5282.962
2018-04-28 09:00:00,7869.6704
2018-04-28 12:00:00,8721.77
2018-04-28 15:00:00,8716.555
2018-04-28 18:00:00,5499.5596
2018-04-28 21:00:00,7206.3413
2018-04-29 00:00:00,9178.199
2018-04-29 03:00:00,3846.7478
2018-04-29 06:00:00,1548.8229
2018-04-29 09:00:00,917.30676
2018-04-29 12:00:00,2646.693
2018-04-29 15:00:00,2426.6265
2018-04-29 18:00:00,1594.3523
2018-04-29 21:00:00,2569.652
2018-04-30 00:00:00,10632.82
2018-04-30 03:00:00,3386.4412
2018-04-30 06:00:00,4566.48
2018-04-30 09:00:00,8750.995
2018-04-30 12:00:00,10060.85
2018-04-30 15:00:00,9696.27
2018-04-30 18:00:00,10029.284
2018-04-30 21:00:00,10088.717
2018-05-01 00:00:00,11270.211
2018-05-01 03:00:00,9793.361
2018-05-01 06:00:00,5052.009
2018-05-01 09:00:00,8290.073
2018-05-01 12:00:00,11973.358
2018-05-01 15:00:00,12782.81
2018-05-01 18:00:00,12915.249
2018-05-01 21:00:00,13480.864
2018-05-02 00:00:00,12406.415
2018-05-02 03:00:00,7475.51
2018-05-02 06:00:00,5294.1445
2018-05-02 09:00:00,7706.818
2018-05-02 12:00:00,7571.8647
2018-05-02 15:00:00,8916.113
2018-05-02 18:00:00,7496.6226
2018-05-02 21:00:00,8101.164
2018-05-03 00:00:00,7543.128
2018-05-03 03:00:00,4184.3994
2018-05-03 06:00:00,3438.3938
2018-05-03 09:00:00,6804.0137
2018-05-03 12:00:00,7435.751
2018-05-03 15:00:00,6651.394
2018-05-03 18:00:00,5200.815
2018-05-03 21:00:00,7794.0234
2018-05-04 00:00:00,8220.771
2018-05-04 03:00:00,2289.7183
2018-05-04 06:00:00,2159.6218
2018-05-04 09:00:00,7195.459
2018-05-04 12:00:00,7293.252
2018-05-04 15:00:00,5849.44
2018-05-04 18:00:00,6960.5337
2018-05-04 21:00:00,6310.513
2018-05-05 00:00:00,9685.603
2018-05-05 03:00:00,6245.409
2018-05-05 06:00:00,5694.7886
2018-05-05 09:00:00,9301.101
2018-05-05 12:00:00,11090.133
2018-05-05 15:00:00,11435.893
2018-05-05 18:00:00,8237.718
2018-05-05 21:00:00,8266.554
2018-05-06 00:00:00,11727.409
2018-05-06 03:00:00,10043.076
2018-05-06 06:00:00,7839.6167
2018-05-06 09:00:00,12828.44
2018-05-06 12:00:00,13486.338
2018-05-06 15:00:00,13666.0205
2018-05-06 18:00:00,11644.652
2018-05-06 21:00:00,11853.664
2018-05-07 00:00:00,13209.543
2018-05-07 03:00:00,10278.983
2018-05-07 06:00:00,9961.941
2018-05-07 09:00:00,11408.299
2018-05-07 12:00:00,12769.865
2018-05-07 15:00:00,14628.885
2018-05-07 18:00:00,12829.71
2018-05-07 21:00:00,11562.869
2018-05-08 00:00:00,15306.938
2018-05-08 03:00:00,11547.385
2018-05-08 06:00:00,11774.899
2018-05-08 09:00:00,13399.206
2018-05-08 12:00:00,14813.885
2018-05-08 15:00:00,14706.898
2018-05-08 18:00:00,14350.95
2018-05-08 21:00:00,14231.522
2018-05-09 00:00:00,16667.81
2018-05-09 03:00:00,11622.565
2018-05-09 06:00:00,10906.9795
2018-05-09 09:00:00,14059.984
2018-05-09 12:00:00,16215.543
2018-05-09 15:00:00,15176.605
2018-05-09 18:00:00,15610.096
2018-05-09 21:00:00,15977.69
2018-05-10 00:00:00,15655.234
2018-05-10 03:00:00,10634.532
2018-05-10 06:00:00,10713.769
2018-05-10 09:00:00,13545.752
2018-05-10 12:00:00,15694.817
2018-05-10 15:00:00,14281.308
2018-05-10 18:00:00,13480.839
2018-05-10 21:00:00,15221.155
2018-05-11 00:00:00,15441.819
2018-05-11 03:00:00,11099.741
2018-05-11 06:00:00,10834.26
2018-05-11 09:00:00,14463.315
2018-05-11 12:00:00,14242.847
2018-05-11 15:00:00,16270.172
2018-05-11 18:00:00,15032.025
2018-05-11 21:00:00,15356.484
2018-05-12 00:00:00,16174.832
2018-05-12 03:00:00,11775.737
2018-05-12 06:00:00,10684.1
2018-05-12 09:00:00,13554.876
2018-05-12 12:00:00,16693.482
2018-05-12 15:00:00,12888.891
2018-05-12 18:00:00,12401.545
2018-05-12 21:00:00,13154.019
2018-05-13 00:00:00,13243.947
2018-05-13 03:00:00,6456.317
2018-05-13 06:00:00,5473.2217
2018-05-13 09:00:00,4346.4155
2018-05-13 12:00:00,4976.157
2018-05-13 15:00:00,4115.251
2018-05-13 18:00:00,2800.2207
2018-05-13 21:00:00,5993.1323
2018-05-14 00:00:00,10378.579
2018-05-14 03:00:00,6945.7983
2018-05-14 06:00:00,5268.0713
2018-05-14 09:00:00,8335.6455
2018-05-14 12:00:00,10800.999
2018-05-14 15:00:00,9349.726
2018-05-14 18:00:00,7842.099
2018-05-14 21:00:00,8262.654
2018-05-15 00:00:00,8806.176
2018-05-15 03:00:00,8298.082
2018-05-15 06:00:00,7772.781
2018-05-15 09:00:00,10595.838
2018-05-15 12:00:00,11376.525
2018-05-15 15:00:00,12996.938
2018-05-15 18:00:00,9554.042
2018-05-15 21:00:00,8768.136
2018-05-16 00:00:00,11274.755
2018-05-16 03:00:00,8399.592
2018-05-16 06:00:00,7527.671
2018-05-16 09:00:00,11271.44
2018-05-16 12:00:00,14441.734
2018-05-16 15:00:00,12677.805
2018-05-16 18:00:00,11776.554
2018-05-16 21:00:00,12558.786
2018-05-17 00:00:00,12061.863
2018-05-17 03:00:00,11182.426
2018-05-17 06:00:00,8576.907
2018-05-17 09:00:00,12766.345
2018-05-17 12:00:00,13714.707
2018-05-17 15:00:00,14244.586
2018-05-17 18:00:00,11588.1875
2018-05-17 21:00:00,11894.268
2018-05-18 00:00:00,12159.784
2018-05-18 03:00:00,11195.775
2018-05-18 06:00:00,9804.033
2018-05-18 09:00:00,12778.969
2018-05-18 12:00:00,14230.624
2018-05-18 15:00:00,12240.82
2018-05-18 18:00:00,12932.271
2018-05-18 21:00:00,12500.779
2018-05-19 00:00:00,12932.36
2018-05-19 03:00:00,9539.856
2018-05-19 06:00:00,9809.965
2018-05-19 09:00:00,11321.641
2018-05-19 12:00:00,11967.019
2018-05-19 15:00:00,10720.44
2018-05-19 18:00:00,10845.872
2018-05-19 21:00:00,10303.271
2018-05-20 00:00:00,10951.019
2018-05-20 03:00:00,7235.145
2018-05-20 06:00:00,7893.705
2018-05-20 09:00:00,9159.995
2018-05-20 12:00:00,9751.271
2018-05-20 15:00:00,9652.865
2018-05-20 18:00:00,8267.255
2018-05-20 21:00:00,6806.129
2018-05-21 00:00:00,12993.429
2018-05-21 03:00:00,9816.914
2018-05-21 06:00:00,9840.523
2018-05-21 09:00:00,13513.776
2018-05-21 12:00:00,16344.797
2018-05-21 15:00:00,15526.661
2018-05-21 18:00:00,14440.086
2018-05-21 21:00:00,12369.88
2018-05-22 00:00:00,14248.91
2018-05-22 03:00:00,10511.316
2018-05-22 06:00:00,9677.4
2018-05-22 09:00:00,14191.624
2018-05-22 12:00:00,16581.541
2018-05-22 15:00:00,15873.209
2018-05-22 18:00:00,13879.638
2018-05-22 21:00:00,14494.584
2018-05-23 00:00:00,15652.49
2018-05-23 03:00:00,12642.355
2018-05-23 06:00:00,11308.869
2018-05-23 09:00:00,13907.701
2018-05-23 12:00:00,16239.126
2018-05-23 15:00:00,15132.046
2018-05-23 18:00:00,11524.072
2018-05-23 21:00:00,14976.651
2018-05-24 00:00:00,13580.735
2018-05-24 03:00:00,12747.624
2018-05-24 06:00:00,11310.36
2018-05-24 09:00:00,14739.305
2018-05-24 12:00:00,16447.062
2018-05-24 15:00:00,15899.703
2018-05-24 18:00:00,14275.274
2018-05-24 21:00:00,13617.215
2018-05-25 00:00:00,13439.79
2018-05-25 03:00:00,12379.504
2018-05-25 06:00:00,12463.073
2018-05-25 09:00:00,12929.363
2018-05-25 12:00:00,14999.886
2018-05-25 15:00:00,16002.188
2018-05-25 18:00:00,15483.996
2018-05-25 21:00:00,14391.293
2018-05-26 00:00:00,13751.732
2018-05-26 03:00:00,11730.616
2018-05-26 06:00:00,11184.207
2018-05-26 09:00:00,13054.475
2018-05-26 12:00:00,13630.916
2018-05-26 15:00:00,13078.915
2018-05-26 18:00:00,11193.844
2018-05-26 21:00:00,12274.877
2018-05-27 00:00:00,12764.879
2018-05-27 03:00:00,9141.945
2018-05-27 06:00:00,9342.956
2018-05-27 09:00:00,8578.393
2018-05-27 12:00:00,9497.819
2018-05-27 15:00:00,11823.556
2018-05-27 18:00:00,8830.784
2018-05-27 21:00:00,10174.169
2018-05-28 00:00:00,13752.98
2018-05-28 03:00:00,10113.714
2018-05-28 06:00:00,10324.44
2018-05-28 09:00:00,14033.077
2018-05-28 12:00:00,14791.636
2018-05-28 15:00:00,13994.013
2018-05-28 18:00:00,12491.269
2018-05-28 21:00:00,14302.502
2018-05-29 00:00:00,13906.367
2018-05-29 03:00:00,11676.671
2018-05-29 06:00:00,11371.1875
2018-05-29 09:00:00,15224.398
2018-05-29 12:00:00,16911.492
2018-05-29 15:00:00,16339.416
2018-05-29 18:00:00,15910.135
2018-05-29 21:00:00,15175.142
2018-05-30 00:00:00,13913.866
2018-05-30 03:00:00,11023.73
2018-05-30 06:00:00,10631.777
2018-05-30 09:00:00,13879.782
2018-05-30 12:00:00,15332.205
2018-05-30 15:00:00,14592.098
2018-05-30 18:00:00,12447.048
2018-05-30 21:00:00,14231.912
2018-05-31 00:00:00,14140.133
2018-05-31 03:00:00,11841.205
2018-05-31 06:00:00,11578.175
2018-05-31 09:00:00,13565.763
2018-05-31 12:00:00,16643.748
2018-05-31 15:00:00,15283.158
2018-05-31 18:00:00,15163.954
2018-05-31 21:00:00,15704.607
2018-06-01 00:00:00,14537.407
2018-06-01 03:00:00,7484.27
2018-06-01 06:00:00,4779.5806
2018-06-01 09:00:00,11288.41
2018-06-01 12:00:00,13362.121
2018-06-01 15:00:00,12347.273
2018-06-01 18:00:00,12195.934
2018-06-01 21:00:00,14936.878
2018-06-02 00:00:00,9271.725
2018-06-02 03:00:00,2003.2932
2018-06-02 06:00:00,1843.6088
2018-06-02 09:00:00,7247.2837
2018-06-02 12:00:00,9060.816
2018-06-02 15:00:00,10527.642
2018-06-02 18:00:00,9061.016
2018-06-02 21:00:00,8201.469
2018-06-03 00:00:00,5973.974
2018-06-03 03:00:00,3651.1218
2018-06-03 06:00:00,2856.9248
2018-06-03 09:00:00,6542.4624
2018-06-03 12:00:00,7871.6675
2018-06-03 15:00:00,8181.846
2018-06-03 18:00:00,5001.206
2018-06-03 21:00:00,6877.3755
2018-06-04 00:00:00,7957.3125
2018-06-04 03:00:00,5177.4316
2018-06-04 06:00:00,5957.322
2018-06-04 09:00:00,6606.117
2018-06-04 12:00:00,7657.1763
2018-06-04 15:00:00,7037.1733
2018-06-04 18:00:00,6460.851
2018-06-04 21:00:00,7310.6997
2018-06-05 00:00:00,8602.293
2018-06-05 03:00:00,5729.8813
2018-06-05 06:00:00,2110.9822
2018-06-05 09:00:00,7231.4688
2018-06-05 12:00:00,9138.891
2018-06-05 15:00:00,10126.42
2018-06-05 18:00:00,6749.8403
2018-06-05 21:00:00,7799.2637
2018-06-06 00:00:00,10566.808
2018-06-06 03:00:00,10414.61
2018-06-06 06:00:00,9245.569
2018-06-06 09:00:00,12920.682
2018-06-06 12:00:00,15460.229
2018-06-06 15:00:00,14032.009
2018-06-06 18:00:00,13825.997
2018-06-06 21:00:00,12655.651
2018-06-07 00:00:00,14008.099
2018-06-07 03:00:00,10177.165
2018-06-07 06:00:00,9140.78
2018-06-07 09:00:00,13570.236
2018-06-07 12:00:00,14536.609
2018-06-07 15:00:00,12789.418
2018-06-07 18:00:00,13666.043
2018-06-07 21:00:00,12973.587
2018-06-08 00:00:00,13284.964
2018-06-08 03:00:00,10077.158
2018-06-08 06:00:00,10723.823
2018-06-08 09:00:00,13655.274
2018-06-08 12:00:00,14728.511
2018-06-08 15:00:00,13848.948
2018-06-08 18:00:00,12705.282
2018-06-08 21:00:00,13231.47
2018-06-09 00:00:00,13761.926
2018-06-09 03:00:00,11652.655
2018-06-09 06:00:00,10063.634
2018-06-09 09:00:00,13674.223
2018-06-09 12:00:00,15425.536
2018-06-09 15:00:00,15581.104
2018-06-09 18:00:00,13043.769
2018-06-09 21:00:00,12669.832
2018-06-10 00:00:00,13492.789
2018-06-10 03:00:00,10761.873
2018-06-10 06:00:00,8772.865
2018-06-10 09:00:00,13963.26
2018-06-10 12:00:00,16196.97
2018-06-10 15:00:00,15874.524
2018-06-10 18:00:00,13453.284
2018-06-10 21:00:00,14736.893
2018-06-11 00:00:00,14034.687
2018-06-11 03:00:00,10411.318
2018-06-11 06:00:00,8973.279
2018-06-11 09:00:00,12889.97
2018-06-11 12:00:00,15258.641
2018-06-11 15:00:00,14075.593
2018-06-11 18:00:00,13625.924
2018-06-11 21:00:00,16073.793
2018-06-12 00:00:00,12031.899
2018-06-12 03:00:00,11852.823
2018-06-12 06:00:00,8924.853
2018-06-12 09:00:00,12930.806
2018-06-12 12:00:00,14629.029
2018-06-12 15:00:00,15326.711
2018-06-12 18:00:00,15638.818
2018-06-12 21:00:00,15414.61
2018-06-13 00:00:00,15737.758
2018-06-13 03:00:00,10543.829
2018-06-13 06:00:00,8957.806
2018-06-13 09:00:00,12249.17
2018-06-13 12:00:00,15467.564
2018-06-13 15:00:00,17524.97
2018-06-13 18:00:00,15099.281
2018-06-13 21:00:00,14788.536
2018-06-14 00:00:00,13878.583
2018-06-14 03:00:00,10479.6875
2018-06-14 06:00:00,9654.593
2018-06-14 09:00:00,13365.003
2018-06-14 12:00:00,15863.8545
2018-06-14 15:00:00,16063.29
2018-06-14 18:00:00,15808.246
2018-06-14 21:00:00,14369.908
2018-06-15 00:00:00,14411.1045
2018-06-15 03:00:00,12124.429
2018-06-15 06:00:00,10323.685
2018-06-15 09:00:00,15492.374
2018-06-15 12:00:00,16139.232
2018-06-15 15:00:00,15729.89
2018-06-15 18:00:00,15089.61
2018-06-15 21:00:00,14796.23
2018-06-16 00:00:00,14756.456
2018-06-16 03:00:00,10845.616
2018-06-16 06:00:00,8131.008
2018-06-16 09:00:00,10111.972
2018-06-16 12:00:00,12934.181
2018-06-16 15:00:00,12210.495
2018-06-16 18:00:00,10784.542
2018-06-16 21:00:00,12045.946
2018-06-17 00:00:00,12812.987
2018-06-17 03:00:00,8937.704
2018-06-17 06:00:00,6093.8647
2018-06-17 09:00:00,7368.548
2018-06-17 12:00:00,9388.636
2018-06-17 15:00:00,9751.092
2018-06-17 18:00:00,9125.805
2018-06-17 21:00:00,8614.649
2018-06-18 00:00:00,10134.35
2018-06-18 03:00:00,9400.578
2018-06-18 06:00:00,8917.934
2018-06-18 09:00:00,12886.709
2018-06-18 12:00:00,14935.646
2018-06-18 15:00:00,14517.37
2018-06-18 18:00:00,15295.0
2018-06-18 21:00:00,14044.217
2018-06-19 00:00:00,13158.119
2018-06-19 03:00:00,9942.181
2018-06-19 06:00:00,8894.05
2018-06-19 09:00:00,15219.904
2018-06-19 12:00:00,16697.592
2018-06-19 15:00:00,17026.457
2018-06-19 18:00:00,16017.266
2018-06-19 21:00:00,15885.496
2018-06-20 00:00:00,16528.115
2018-06-20 03:00:00,13848.919
2018-06-20 06:00:00,12045.814
2018-06-20 09:00:00,17089.756
2018-06-20 12:00:00,19185.336
2018-06-20 15:00:00,18563.594
2018-06-20 18:00:00,18002.639
2018-06-20 21:00:00,17464.545
2018-06-21 00:00:00,16977.85
2018-06-21 03:00:00,13031.452
2018-06-21 06:00:00,12287.535
2018-06-21 09:00:00,16749.83
2018-06-21 12:00:00,19910.965
2018-06-21 15:00:00,17836.33
2018-06-21 18:00:00,18214.535
2018-06-21 21:00:00,18146.068
2018-06-22 00:00:00,18486.107
2018-06-22 03:00:00,13970.708
2018-06-22 06:00:00,13566.556
2018-06-22 09:00:00,17799.564
2018-06-22 12:00:00,18953.23
2018-06-22 15:00:00,19120.002
2018-06-22 18:00:00,18215.193
2018-06-22 21:00:00,19112.36
2018-06-23 00:00:00,16260.15
2018-06-23 03:00:00,14783.299
2018-06-23 06:00:00,10983.932
2018-06-23 09:00:00,12628.136
2018-06-23 12:00:00,14990.77
2018-06-23 15:00:00,13288.556
2018-06-23 18:00:00,13136.918
2018-06-23 21:00:00,14566.912
2018-06-24 00:00:00,13998.347
2018-06-24 03:00:00,12264.815
2018-06-24 06:00:00,9740.955
2018-06-24 09:00:00,8696.738
2018-06-24 12:00:00,11708.431
2018-06-24 15:00:00,12886.161
2018-06-24 18:00:00,11682.52
2018-06-24 21:00:00,11609.921
2018-06-25 00:00:00,14661.702
2018-06-25 03:00:00,13370.648
2018-06-25 06:00:00,12025.1875
2018-06-25 09:00:00,17170.602
2018-06-25 12:00:00,18587.154
2018-06-25 15:00:00,19205.252
2018-06-25 18:00:00,19379.783
2018-06-25 21:00:00,16708.627
2018-06-26 00:00:00,17529.428
2018-06-26 03:00:00,15771.659
2018-06-26 06:00:00,14514.7705
2018-06-26 09:00:00,17651.113
2018-06-26 12:00:00,19350.72
2018-06-26 15:00:00,18738.232
2018-06-26 18:00:00,18278.76
2018-06-26 21:00:00,16782.959
2018-06-27 00:00:00,18064.555
2018-06-27 03:00:00,15505.676
2018-06-27 06:00:00,13969.66
2018-06-27 09:00:00,16905.605
2018-06-27 12:00:00,19282.363
2018-06-27 15:00:00,18610.246
2018-06-27 18:00:00,17771.176
2018-06-27 21:00:00,17588.916
2018-06-28 00:00:00,18457.111
2018-06-28 03:00:00,15417.75
2018-06-28 06:00:00,14198.956
2018-06-28 09:00:00,17751.514
2018-06-28 12:00:00,19503.977
2018-06-28 15:00:00,19257.555
2018-06-28 18:00:00,16576.936
2018-06-28 21:00:00,15309.385
2018-06-29 00:00:00,17225.492
2018-06-29 03:00:00,14501.183
2018-06-29 06:00:00,13164.955
2018-06-29 09:00:00,16614.459
2018-06-29 12:00:00,18682.979
2018-06-29 15:00:00,17576.926
2018-06-29 18:00:00,18040.645
2018-06-29 21:00:00,17753.121
2018-06-30 00:00:00,15045.517
2018-06-30 03:00:00,13038.691
2018-06-30 06:00:00,11294.414
2018-06-30 09:00:00,10215.307
2018-06-30 12:00:00,12445.882
2018-06-30 15:00:00,12988.815
2018-06-30 18:00:00,12218.685
2018-06-30 21:00:00,11976.523
2018-07-01 00:00:00,12293.46
2018-07-01 03:00:00,7151.3394
2018-07-01 06:00:00,5927.388
2018-07-01 09:00:00,10013.67
2018-07-01 12:00:00,11869.5
2018-07-01 15:00:00,10676.477
2018-07-01 18:00:00,10506.693
2018-07-01 21:00:00,10988.247
2018-07-02 00:00:00,9991.7
2018-07-02 03:00:00,4713.441
2018-07-02 06:00:00,5100.102
2018-07-02 09:00:00,6079.466
2018-07-02 12:00:00,7658.7593
2018-07-02 15:00:00,7915.8833
2018-07-02 18:00:00,7936.402
2018-07-02 21:00:00,10579.875
2018-07-03 00:00:00,12267.059
2018-07-03 03:00:00,6788.2305
2018-07-03 06:00:00,4821.719
2018-07-03 09:00:00,9468.278
2018-07-03 12:00:00,10610.869
2018-07-03 15:00:00,10284.46
2018-07-03 18:00:00,9254.514
2018-07-03 21:00:00,9639.496
2018-07-04 00:00:00,8234.966
2018-07-04 03:00:00,6424.9585
2018-07-04 06:00:00,5387.21
2018-07-04 09:00:00,7320.7217
2018-07-04 12:00:00,10288.707
2018-07-04 15:00:00,9833.531
2018-07-04 18:00:00,9611.766
2018-07-04 21:00:00,10544.845
2018-07-05 00:00:00,10777.165
2018-07-05 03:00:00,6443.4185
2018-07-05 06:00:00,5316.7407
2018-07-05 09:00:00,8702.432
2018-07-05 12:00:00,11195.761
2018-07-05 15:00:00,11428.337
2018-07-05 18:00:00,9645.184
2018-07-05 21:00:00,10903.115
2018-07-06 00:00:00,14755.463
2018-07-06 03:00:00,13528.284
2018-07-06 06:00:00,12433.212
2018-07-06 09:00:00,14637.116
2018-07-06 12:00:00,16831.605
2018-07-06 15:00:00,15228.8545
2018-07-06 18:00:00,13870.172
2018-07-06 21:00:00,15656.42
2018-07-07 00:00:00,16506.209
2018-07-07 03:00:00,11867.99
2018-07-07 06:00:00,10976.53
2018-07-07 09:00:00,14578.603
2018-07-07 12:00:00,16728.975
2018-07-07 15:00:00,15877.004
2018-07-07 18:00:00,14782.218
2018-07-07 21:00:00,15539.681
2018-07-08 00:00:00,16590.486
2018-07-08 03:00:00,11313.54
2018-07-08 06:00:00,10542.364
2018-07-08 09:00:00,13495.137
2018-07-08 12:00:00,13871.569
2018-07-08 15:00:00,15171.08
2018-07-08 18:00:00,13859.4375
2018-07-08 21:00:00,15637.334
2018-07-09 00:00:00,15127.839
2018-07-09 03:00:00,11138.738
2018-07-09 06:00:00,11301.286
2018-07-09 09:00:00,14248.544
2018-07-09 12:00:00,16288.714
2018-07-09 15:00:00,15579.4795
2018-07-09 18:00:00,16144.922
2018-07-09 21:00:00,15170.33
2018-07-10 00:00:00,16200.578
2018-07-10 03:00:00,12789.896
2018-07-10 06:00:00,10963.066
2018-07-10 09:00:00,14797.631
2018-07-10 12:00:00,17903.137
2018-07-10 15:00:00,16406.99
2018-07-10 18:00:00,17313.076
2018-07-10 21:00:00,16933.615
2018-07-11 00:00:00,16923.01
2018-07-11 03:00:00,13832.087
2018-07-11 06:00:00,12476.607
2018-07-11 09:00:00,15262.142
2018-07-11 12:00:00,16203.21
2018-07-11 15:00:00,17164.307
2018-07-11 18:00:00,16397.553
2018-07-11 21:00:00,16457.71
2018-07-12 00:00:00,16656.092
2018-07-12 03:00:00,14072.123
2018-07-12 06:00:00,11240.165
2018-07-12 09:00:00,16088.798
2018-07-12 12:00:00,18776.441
2018-07-12 15:00:00,18447.389
2018-07-12 18:00:00,16113.645
2018-07-12 21:00:00,16527.814
2018-07-13 00:00:00,16664.553
2018-07-13 03:00:00,12780.199
2018-07-13 06:00:00,12203.081
2018-07-13 09:00:00,14220.615
2018-07-13 12:00:00,18286.182
2018-07-13 15:00:00,16882.3
2018-07-13 18:00:00,15932.276
2018-07-13 21:00:00,16146.784
2018-07-14 00:00:00,16528.713
2018-07-14 03:00:00,12158.463
2018-07-14 06:00:00,11926.871
2018-07-14 09:00:00,13295.044
2018-07-14 12:00:00,14993.485
2018-07-14 15:00:00,13917.704
2018-07-14 18:00:00,12132.071
2018-07-14 21:00:00,13096.437
2018-07-15 00:00:00,14936.69
2018-07-15 03:00:00,11160.557
2018-07-15 06:00:00,9354.964
2018-07-15 09:00:00,9477.735
2018-07-15 12:00:00,10621.229
2018-07-15 15:00:00,10665.218
2018-07-15 18:00:00,9494.372
2018-07-15 21:00:00,9474.92
2018-07-16 00:00:00,15114.626
2018-07-16 03:00:00,10754.262
2018-07-16 06:00:00,7197.0166
2018-07-16 09:00:00,13204.575
2018-07-16 12:00:00,12575.873
2018-07-16 15:00:00,15170.885
2018-07-16 18:00:00,14135.415
2018-07-16 21:00:00,16043.209
2018-07-17 00:00:00,14892.299
2018-07-17 03:00:00,11522.967
2018-07-17 06:00:00,10193.483
2018-07-17 09:00:00,15319.701
2018-07-17 12:00:00,17912.482
2018-07-17 15:00:00,17412.016
2018-07-17 18:00:00,17519.209
2018-07-17 21:00:00,17039.902
2018-07-18 00:00:00,18045.22
2018-07-18 03:00:00,14731.822
2018-07-18 06:00:00,13514.52
2018-07-18 09:00:00,15605.3955
2018-07-18 12:00:00,18063.0
2018-07-18 15:00:00,17679.7
2018-07-18 18:00:00,16908.455
2018-07-18 21:00:00,17843.186
2018-07-19 00:00:00,17884.236
2018-07-19 03:00:00,14851.235
2018-07-19 06:00:00,12683.24
2018-07-19 09:00:00,17300.053
2018-07-19 12:00:00,18452.654
2018-07-19 15:00:00,18443.736
2018-07-19 18:00:00,17728.578
2018-07-19 21:00:00,18338.676
2018-07-20 00:00:00,17548.48
2018-07-20 03:00:00,15364.005
2018-07-20 06:00:00,12879.3
2018-07-20 09:00:00,17671.332
2018-07-20 12:00:00,17220.963
2018-07-20 15:00:00,18220.398
2018-07-20 18:00:00,18106.621
2018-07-20 21:00:00,16816.297
2018-07-21 00:00:00,16438.734
2018-07-21 03:00:00,13398.753
2018-07-21 06:00:00,10713.129
2018-07-21 09:00:00,13038.935
2018-07-21 12:00:00,13683.866
2018-07-21 15:00:00,13801.384
2018-07-21 18:00:00,12276.75
2018-07-21 21:00:00,12969.403
2018-07-22 00:00:00,14002.624
2018-07-22 03:00:00,11168.174
2018-07-22 06:00:00,10307.334
2018-07-22 09:00:00,10658.915
2018-07-22 12:00:00,11850.509
2018-07-22 15:00:00,10584.781
2018-07-22 18:00:00,11328.569
2018-07-22 21:00:00,11342.7
2018-07-23 00:00:00,13608.189
2018-07-23 03:00:00,13003.142
2018-07-23 06:00:00,10724.707
2018-07-23 09:00:00,15165.154
2018-07-23 12:00:00,18111.191
2018-07-23 15:00:00,19054.8
2018-07-23 18:00:00,18871.283
2018-07-23 21:00:00,18042.615
2018-07-24 00:00:00,19355.479
2018-07-24 03:00:00,14425.632
2018-07-24 06:00:00,13386.764
2018-07-24 09:00:00,17270.826
2018-07-24 12:00:00,19313.938
2018-07-24 15:00:00,19343.283
2018-07-24 18:00:00,17229.545
2018-07-24 21:00:00,17873.6
2018-07-25 00:00:00,17854.998
2018-07-25 03:00:00,14536.324
2018-07-25 06:00:00,12848.705
2018-07-25 09:00:00,17498.771
2018-07-25 12:00:00,19294.031
2018-07-25 15:00:00,18681.205
2018-07-25 18:00:00,18521.91
2018-07-25 21:00:00,19674.078
2018-07-26 00:00:00,19644.709
2018-07-26 03:00:00,15991.429
2018-07-26 06:00:00,13853.717
2018-07-26 09:00:00,18539.367
2018-07-26 12:00:00,20504.305
2018-07-26 15:00:00,20015.807
2018-07-26 18:00:00,19658.693
2018-07-26 21:00:00,17406.27
2018-07-27 00:00:00,16998.396
2018-07-27 03:00:00,15441.643
2018-07-27 06:00:00,13178.432
2018-07-27 09:00:00,17988.895
2018-07-27 12:00:00,19967.436
2018-07-27 15:00:00,19174.803
2018-07-27 18:00:00,18712.742
2018-07-27 21:00:00,18759.621
2018-07-28 00:00:00,16294.093
2018-07-28 03:00:00,13815.033
2018-07-28 06:00:00,12235.653
2018-07-28 09:00:00,13035.352
2018-07-28 12:00:00,14091.504
2018-07-28 15:00:00,14579.937
2018-07-28 18:00:00,12990.497
2018-07-28 21:00:00,13561.238
2018-07-29 00:00:00,14362.609
2018-07-29 03:00:00,13009.857
2018-07-29 06:00:00,11363.131
2018-07-29 09:00:00,9771.81
2018-07-29 12:00:00,12153.266
2018-07-29 15:00:00,11307.473
2018-07-29 18:00:00,10591.035
2018-07-29 21:00:00,11656.593
2018-07-30 00:00:00,16005.987
2018-07-30 03:00:00,13353.116
2018-07-30 06:00:00,11170.944
2018-07-30 09:00:00,17252.492
2018-07-30 12:00:00,19261.803
2018-07-30 15:00:00,18801.941
2018-07-30 18:00:00,18234.625
2018-07-30 21:00:00,17846.416
2018-07-31 00:00:00,18267.146
2018-07-31 03:00:00,14960.289
2018-07-31 06:00:00,13502.8545
2018-07-31 09:00:00,17260.312
2018-07-31 12:00:00,18124.916
2018-07-31 15:00:00,18234.992
2018-07-31 18:00:00,17746.506
2018-07-31 21:00:00,18456.406
2018-08-01 00:00:00,14853.8955
2018-08-01 03:00:00,8870.789
2018-08-01 06:00:00,7089.723
2018-08-01 09:00:00,10685.902
2018-08-01 12:00:00,12397.213
2018-08-01 15:00:00,9677.636
2018-08-01 18:00:00,9467.656
2018-08-01 21:00:00,11119.132
2018-08-02 00:00:00,9058.445
2018-08-02 03:00:00,7597.804
2018-08-02 06:00:00,6010.7754
2018-08-02 09:00:00,10595.773
2018-08-02 12:00:00,7800.919
2018-08-02 15:00:00,9840.323
2018-08-02 18:00:00,8570.622
2018-08-02 21:00:00,10888.89
2018-08-03 00:00:00,11578.768
2018-08-03 03:00:00,8608.584
2018-08-03 06:00:00,8549.303
2018-08-03 09:00:00,10721.47
2018-08-03 12:00:00,10597.714
2018-08-03 15:00:00,9534.289
2018-08-03 18:00:00,8634.71
2018-08-03 21:00:00,11270.326
2018-08-04 00:00:00,11354.036
2018-08-04 03:00:00,8754.177
2018-08-04 06:00:00,8540.158
2018-08-04 09:00:00,11850.266
2018-08-04 12:00:00,10429.105
2018-08-04 15:00:00,9504.519
2018-08-04 18:00:00,7458.9634
2018-08-04 21:00:00,9996.246
2018-08-05 00:00:00,12286.258
2018-08-05 03:00:00,9269.198
2018-08-05 06:00:00,8268.128
2018-08-05 09:00:00,11807.635
2018-08-05 12:00:00,10288.35
2018-08-05 15:00:00,9067.238
2018-08-05 18:00:00,8396.537
2018-08-05 21:00:00,9622.398
2018-08-06 00:00:00,12371.996
2018-08-06 03:00:00,9992.444
2018-08-06 06:00:00,9816.134
2018-08-06 09:00:00,11555.811
2018-08-06 12:00:00,13689.701
2018-08-06 15:00:00,13153.647
2018-08-06 18:00:00,11538.226
2018-08-06 21:00:00,13436.608
2018-08-07 00:00:00,13760.713
2018-08-07 03:00:00,10579.263
2018-08-07 06:00:00,9748.967
2018-08-07 09:00:00,11278.793
2018-08-07 12:00:00,15715.467
2018-08-07 15:00:00,14993.367
2018-08-07 18:00:00,14807.083
2018-08-07 21:00:00,12588.2
2018-08-08 00:00:00,15683.748
2018-08-08 03:00:00,13682.409
2018-08-08 06:00:00,10878.696
2018-08-08 09:00:00,13352.733
2018-08-08 12:00:00,14514.8955
2018-08-08 15:00:00,14067.126
2018-08-08 18:00:00,12262.137
2018-08-08 21:00:00,12846.141
2018-08-09 00:00:00,16218.156
2018-08-09 03:00:00,12343.41
2018-08-09 06:00:00,10297.243
2018-08-09 09:00:00,12771.974
2018-08-09 12:00:00,17582.158
2018-08-09 15:00:00,16243.46
2018-08-09 18:00:00,11988.005
2018-08-09 21:00:00,12357.205
2018-08-10 00:00:00,15115.921
2018-08-10 03:00:00,12273.687
2018-08-10 06:00:00,11708.277
2018-08-10 09:00:00,14586.311
2018-08-10 12:00:00,14002.113
2018-08-10 15:00:00,13156.65
2018-08-10 18:00:00,12236.966
2018-08-10 21:00:00,14326.441
2018-08-11 00:00:00,15091.917
2018-08-11 03:00:00,11277.495
2018-08-11 06:00:00,10596.755
2018-08-11 09:00:00,12536.615
2018-08-11 12:00:00,13918.355
2018-08-11 15:00:00,13409.759
2018-08-11 18:00:00,11795.948
2018-08-11 21:00:00,14388.228
2018-08-12 00:00:00,13695.976
2018-08-12 03:00:00,11039.563
2018-08-12 06:00:00,10714.458
2018-08-12 09:00:00,11817.272
2018-08-12 12:00:00,14242.5205
2018-08-12 15:00:00,14042.932
2018-08-12 18:00:00,13844.329
2018-08-12 21:00:00,14655.2295
2018-08-13 00:00:00,15751.292
2018-08-13 03:00:00,9891.653
2018-08-13 06:00:00,8925.418
2018-08-13 09:00:00,13530.034
2018-08-13 12:00:00,15161.378
2018-08-13 15:00:00,14956.804
2018-08-13 18:00:00,12880.981
2018-08-13 21:00:00,13303.322
2018-08-14 00:00:00,16215.892
2018-08-14 03:00:00,12025.237
2018-08-14 06:00:00,10433.761
2018-08-14 09:00:00,12343.312
2018-08-14 12:00:00,14354.546
2018-08-14 15:00:00,13982.588
2018-08-14 18:00:00,13300.998
2018-08-14 21:00:00,13543.57
2018-08-15 00:00:00,16270.072
2018-08-15 03:00:00,12377.331
2018-08-15 06:00:00,11353.711
2018-08-15 09:00:00,13505.144
2018-08-15 12:00:00,14810.062
2018-08-15 15:00:00,15681.346
2018-08-15 18:00:00,15422.046
2018-08-15 21:00:00,15833.517
2018-08-16 00:00:00,15981.883
2018-08-16 03:00:00,14070.434
2018-08-16 06:00:00,13101.946
2018-08-16 09:00:00,14386.357
2018-08-16 12:00:00,15413.868
2018-08-16 15:00:00,15732.721
2018-08-16 18:00:00,15607.107
2018-08-16 21:00:00,15724.356
2018-08-17 00:00:00,16767.518
2018-08-17 03:00:00,12892.471
2018-08-17 06:00:00,11137.292
2018-08-17 09:00:00,15777.542
2018-08-17 12:00:00,16013.409
2018-08-17 15:00:00,13550.852
2018-08-17 18:00:00,12362.563
2018-08-17 21:00:00,13020.135
2018-08-18 00:00:00,13048.724
2018-08-18 03:00:00,9268.716
2018-08-18 06:00:00,8590.103
2018-08-18 09:00:00,9276.569
2018-08-18 12:00:00,12027.867
2018-08-18 15:00:00,10692.525
2018-08-18 18:00:00,10503.815
2018-08-18 21:00:00,11834.366
2018-08-19 00:00:00,12897.433
2018-08-19 03:00:00,7983.0527
2018-08-19 06:00:00,7321.39
2018-08-19 09:00:00,6862.794
2018-08-19 12:00:00,8213.261
2018-08-19 15:00:00,9884.758
2018-08-19 18:00:00,9864.472
2018-08-19 21:00:00,9430.5205
2018-08-20 00:00:00,12189.43
2018-08-20 03:00:00,10446.864
2018-08-20 06:00:00,10481.577
2018-08-20 09:00:00,14755.478
2018-08-20 12:00:00,17061.035
2018-08-20 15:00:00,17498.754
2018-08-20 18:00:00,15648.956
2018-08-20 21:00:00,16624.035
2018-08-21 00:00:00,15955.123
2018-08-21 03:00:00,13954.711
2018-08-21 06:00:00,12371.756
2018-08-21 09:00:00,16637.994
2018-08-21 12:00:00,18392.549
2018-08-21 15:00:00,17891.111
2018-08-21 18:00:00,16633.932
2018-08-21 21:00:00,17524.775
2018-08-22 00:00:00,17308.355
2018-08-22 03:00:00,14437.962
2018-08-22 06:00:00,13020.27
2018-08-22 09:00:00,16622.799
2018-08-22 12:00:00,17470.576
2018-08-22 15:00:00,17859.826
2018-08-22 18:00:00,16663.756
2018-08-22 21:00:00,17598.22
2018-08-23 00:00:00,17630.582
2018-08-23 03:00:00,13847.436
2018-08-23 06:00:00,13386.845
2018-08-23 09:00:00,16528.742
2018-08-23 12:00:00,18478.656
2018-08-23 15:00:00,17045.56
2018-08-23 18:00:00,16832.975
2018-08-23 21:00:00,16372.606
2018-08-24 00:00:00,17107.295
2018-08-24 03:00:00,13322.044
2018-08-24 06:00:00,12281.292
2018-08-24 09:00:00,16033.009
2018-08-24 12:00:00,18079.03
2018-08-24 15:00:00,16897.232
2018-08-24 18:00:00,15199.065
2018-08-24 21:00:00,15550.002
2018-08-25 00:00:00,16084.962
2018-08-25 03:00:00,13038.72
2018-08-25 06:00:00,11600.465
2018-08-25 09:00:00,11819.76
2018-08-25 12:00:00,14206.119
2018-08-25 15:00:00,12778.46
2018-08-25 18:00:00,9996.849
2018-08-25 21:00:00,12302.171
2018-08-26 00:00:00,14792.251
2018-08-26 03:00:00,11536.998
2018-08-26 06:00:00,9076.082
2018-08-26 09:00:00,9255.374
2018-08-26 12:00:00,11309.259
2018-08-26 15:00:00,10962.826
2018-08-26 18:00:00,10650.953
2018-08-26 21:00:00,11094.43
2018-08-27 00:00:00,15106.43
2018-08-27 03:00:00,12196.071
2018-08-27 06:00:00,11822.746
2018-08-27 09:00:00,15477.976
2018-08-27 12:00:00,16923.285
2018-08-27 15:00:00,16976.379
2018-08-27 18:00:00,16329.11
2018-08-27 21:00:00,17713.496
2018-08-28 00:00:00,17859.402
2018-08-28 03:00:00,13993.449
2018-08-28 06:00:00,14003.089
2018-08-28 09:00:00,16565.654
2018-08-28 12:00:00,18583.818
2018-08-28 15:00:00,17297.705
2018-08-28 18:00:00,15934.792
2018-08-28 21:00:00,17530.166
2018-08-29 00:00:00,17413.74
2018-08-29 03:00:00,14827.926
2018-08-29 06:00:00,13856.548
2018-08-29 09:00:00,16847.295
2018-08-29 12:00:00,19177.129
2018-08-29 15:00:00,15899.692
2018-08-29 18:00:00,16539.055
2018-08-29 21:00:00,16159.828
2018-08-30 00:00:00,14958.587
2018-08-30 03:00:00,13496.442
2018-08-30 06:00:00,12740.436
2018-08-30 09:00:00,16462.092
2018-08-30 12:00:00,19178.447
2018-08-30 15:00:00,18571.76
2018-08-30 18:00:00,17663.115
2018-08-30 21:00:00,17228.682
2018-08-31 00:00:00,16557.887
2018-08-31 03:00:00,12716.375
2018-08-31 06:00:00,12953.737
2018-08-31 09:00:00,15283.527
2018-08-31 12:00:00,16767.78
2018-08-31 15:00:00,17414.37
2018-08-31 18:00:00,17013.877
2018-08-31 21:00:00,16024.253
2018-09-01 00:00:00,15295.326
2018-09-01 03:00:00,9373.908
2018-09-01 06:00:00,8059.1685
2018-09-01 09:00:00,12334.726
2018-09-01 12:00:00,13473.051
2018-09-01 15:00:00,12026.618
2018-09-01 18:00:00,9883.284
2018-09-01 21:00:00,13061.443
2018-09-02 00:00:00,14693.351
2018-09-02 03:00:00,7873.435
2018-09-02 06:00:00,7689.713
2018-09-02 09:00:00,9571.487
2018-09-02 12:00:00,10562.881
2018-09-02 15:00:00,8489.657
2018-09-02 18:00:00,7593.482
2018-09-02 21:00:00,9845.554
2018-09-03 00:00:00,11584.269
2018-09-03 03:00:00,6891.7207
2018-09-03 06:00:00,7696.79
2018-09-03 09:00:00,8420.268
2018-09-03 12:00:00,10141.63
2018-09-03 15:00:00,8906.386
2018-09-03 18:00:00,9343.789
2018-09-03 21:00:00,9816.008
2018-09-04 00:00:00,10314.864
2018-09-04 03:00:00,6105.051
2018-09-04 06:00:00,6159.994
2018-09-04 09:00:00,7558.4136
2018-09-04 12:00:00,9534.078
2018-09-04 15:00:00,8641.148
2018-09-04 18:00:00,9342.938
2018-09-04 21:00:00,9588.482
2018-09-05 00:00:00,10140.0625
2018-09-05 03:00:00,8117.4863
2018-09-05 06:00:00,6308.3145
2018-09-05 09:00:00,7195.189
2018-09-05 12:00:00,10214.584
2018-09-05 15:00:00,11714.073
2018-09-05 18:00:00,10771.966
2018-09-05 21:00:00,9755.664
2018-09-06 00:00:00,13401.549
2018-09-06 03:00:00,12296.331
2018-09-06 06:00:00,10472.773
2018-09-06 09:00:00,13994.604
2018-09-06 12:00:00,15234.978
2018-09-06 15:00:00,14015.843
2018-09-06 18:00:00,14084.285
2018-09-06 21:00:00,13060.892
2018-09-07 00:00:00,14738.415
2018-09-07 03:00:00,12061.685
2018-09-07 06:00:00,10634.61
2018-09-07 09:00:00,14558.003
2018-09-07 12:00:00,15821.081
2018-09-07 15:00:00,15497.341
2018-09-07 18:00:00,16470.834
2018-09-07 21:00:00,14375.757
2018-09-08 00:00:00,13599.049
2018-09-08 03:00:00,10196.787
2018-09-08 06:00:00,8477.487
2018-09-08 09:00:00,10864.148
2018-09-08 12:00:00,12074.214
2018-09-08 15:00:00,14290.636
2018-09-08 18:00:00,13658.029
2018-09-08 21:00:00,13059.981
2018-09-09 00:00:00,14764.498
2018-09-09 03:00:00,10195.385
2018-09-09 06:00:00,9844.462
2018-09-09 09:00:00,12640.864
2018-09-09 12:00:00,14146.489
2018-09-09 15:00:00,14391.6875
2018-09-09 18:00:00,14034.856
2018-09-09 21:00:00,13767.922
2018-09-10 00:00:00,13939.953
2018-09-10 03:00:00,10190.061
2018-09-10 06:00:00,11239.812
2018-09-10 09:00:00,13818.668
2018-09-10 12:00:00,14563.317
2018-09-10 15:00:00,13423.828
2018-09-10 18:00:00,12648.56
2018-09-10 21:00:00,14479.248
2018-09-11 00:00:00,14446.708
2018-09-11 03:00:00,10612.705
2018-09-11 06:00:00,10358.928
2018-09-11 09:00:00,13282.107
2018-09-11 12:00:00,13945.818
2018-09-11 15:00:00,14770.105
2018-09-11 18:00:00,14924.456
2018-09-11 21:00:00,15965.25
2018-09-12 00:00:00,15670.225
2018-09-12 03:00:00,11303.627
2018-09-12 06:00:00,11314.137
2018-09-12 09:00:00,14698.334
2018-09-12 12:00:00,14479.448
2018-09-12 15:00:00,13157.755
2018-09-12 18:00:00,12116.979
2018-09-12 21:00:00,14400.457
2018-09-13 00:00:00,15301.243
2018-09-13 03:00:00,10433.902
2018-09-13 06:00:00,10838.344
2018-09-13 09:00:00,13224.447
2018-09-13 12:00:00,15466.398
2018-09-13 15:00:00,15110.191
2018-09-13 18:00:00,15071.704
2018-09-13 21:00:00,15119.951
2018-09-14 00:00:00,14268.514
2018-09-14 03:00:00,12475.352
2018-09-14 06:00:00,11222.541
2018-09-14 09:00:00,14295.902
2018-09-14 12:00:00,15718.622
2018-09-14 15:00:00,15165.315
2018-09-14 18:00:00,16156.361
2018-09-14 21:00:00,15203.472
2018-09-15 00:00:00,14520.603
2018-09-15 03:00:00,12885.155
2018-09-15 06:00:00,11258.409
2018-09-15 09:00:00,12341.1
2018-09-15 12:00:00,11528.456
2018-09-15 15:00:00,10996.202
2018-09-15 18:00:00,10602.75
2018-09-15 21:00:00,12137.615
2018-09-16 00:00:00,14059.729
2018-09-16 03:00:00,10218.908
2018-09-16 06:00:00,7270.455
2018-09-16 09:00:00,9308.301
2018-09-16 12:00:00,9939.805
2018-09-16 15:00:00,9712.249
2018-09-16 18:00:00,9213.09
2018-09-16 21:00:00,10338.674
2018-09-17 00:00:00,11988.748
2018-09-17 03:00:00,9869.188
2018-09-17 06:00:00,8735.711
2018-09-17 09:00:00,12744.667
2018-09-17 12:00:00,15752.469
2018-09-17 15:00:00,14954.648
2018-09-17 18:00:00,15530.418
2018-09-17 21:00:00,15521.114
2018-09-18 00:00:00,12898.157
2018-09-18 03:00:00,12276.458
2018-09-18 06:00:00,9527.452
2018-09-18 09:00:00,14649.805
2018-09-18 12:00:00,15642.317
2018-09-18 15:00:00,15277.289
2018-09-18 18:00:00,15241.807
2018-09-18 21:00:00,14814.709
2018-09-19 00:00:00,13886.036
2018-09-19 03:00:00,11619.933
2018-09-19 06:00:00,10615.058
2018-09-19 09:00:00,14637.667
2018-09-19 12:00:00,14777.105
2018-09-19 15:00:00,15769.898
2018-09-19 18:00:00,14349.181
2018-09-19 21:00:00,16553.402
2018-09-20 00:00:00,14523.017
2018-09-20 03:00:00,12159.217
2018-09-20 06:00:00,10174.922
2018-09-20 09:00:00,15324.705
2018-09-20 12:00:00,17228.975
2018-09-20 15:00:00,16826.258
2018-09-20 18:00:00,15661.413
2018-09-20 21:00:00,17563.82
2018-09-21 00:00:00,16527.52
2018-09-21 03:00:00,12926.351
2018-09-21 06:00:00,12032.012
2018-09-21 09:00:00,16033.392
2018-09-21 12:00:00,18015.338
2018-09-21 15:00:00,15142.577
2018-09-21 18:00:00,13599.2
2018-09-21 21:00:00,16398.562
2018-09-22 00:00:00,15471.339
2018-09-22 03:00:00,11538.722
2018-09-22 06:00:00,11785.076
2018-09-22 09:00:00,12764.303
2018-09-22 12:00:00,13053.436
2018-09-22 15:00:00,12667.33
2018-09-22 18:00:00,12010.856
2018-09-22 21:00:00,13503.826
2018-09-23 00:00:00,14640.796
2018-09-23 03:00:00,10961.492
2018-09-23 06:00:00,9313.618
2018-09-23 09:00:00,8666.157
2018-09-23 12:00:00,10529.015
2018-09-23 15:00:00,10102.754
2018-09-23 18:00:00,8555.248
2018-09-23 21:00:00,9564.093
2018-09-24 00:00:00,12564.193
2018-09-24 03:00:00,10758.854
2018-09-24 06:00:00,9091.23
2018-09-24 09:00:00,13302.454
2018-09-24 12:00:00,14847.753
2018-09-24 15:00:00,14894.611
2018-09-24 18:00:00,15520.3125
2018-09-24 21:00:00,14962.548
2018-09-25 00:00:00,13656.203
2018-09-25 03:00:00,12740.249
2018-09-25 06:00:00,10564.04
2018-09-25 09:00:00,14326.032
2018-09-25 12:00:00,15351.653
2018-09-25 15:00:00,13652.572
2018-09-25 18:00:00,11978.914
2018-09-25 21:00:00,13175.977
2018-09-26 00:00:00,12849.003
2018-09-26 03:00:00,11646.949
2018-09-26 06:00:00,10840.343
2018-09-26 09:00:00,12808.038
2018-09-26 12:00:00,12965.672
2018-09-26 15:00:00,15300.302
2018-09-26 18:00:00,15396.146
2018-09-26 21:00:00,14354.829
2018-09-27 00:00:00,14717.367
2018-09-27 03:00:00,10502.003
2018-09-27 06:00:00,9647.215
2018-09-27 09:00:00,16245.137
2018-09-27 12:00:00,15006.778
2018-09-27 15:00:00,16442.988
2018-09-27 18:00:00,15749.744
2018-09-27 21:00:00,18080.64
2018-09-28 00:00:00,16502.508
2018-09-28 03:00:00,13525.629
2018-09-28 06:00:00,11266.112
2018-09-28 09:00:00,16338.342
2018-09-28 12:00:00,18504.135
2018-09-28 15:00:00,17765.895
2018-09-28 18:00:00,16765.361
2018-09-28 21:00:00,17031.053
2018-09-29 00:00:00,15526.566
2018-09-29 03:00:00,13052.778
2018-09-29 06:00:00,11046.903
2018-09-29 09:00:00,13205.501
2018-09-29 12:00:00,14342.28
2018-09-29 15:00:00,13723.932
2018-09-29 18:00:00,11961.966
2018-09-29 21:00:00,13669.55
2018-09-30 00:00:00,13280.767
2018-09-30 03:00:00,10802.441
2018-09-30 06:00:00,8576.432
2018-09-30 09:00:00,9259.737
2018-09-30 12:00:00,10445.542
2018-09-30 15:00:00,10261.342
2018-09-30 18:00:00,8556.014
2018-09-30 21:00:00,9961.8
2018-10-01 00:00:00,12024.583
2018-10-01 03:00:00,6510.101
2018-10-01 06:00:00,5523.685
2018-10-01 09:00:00,9177.125
2018-10-01 12:00:00,13542.779
2018-10-01 15:00:00,12678.648
2018-10-01 18:00:00,12612.517
2018-10-01 21:00:00,11746.94
2018-10-02 00:00:00,10227.224
2018-10-02 03:00:00,4146.6455
2018-10-02 06:00:00,1748.474
2018-10-02 09:00:00,8695.33
2018-10-02 12:00:00,10691.746
2018-10-02 15:00:00,9779.98
2018-10-02 18:00:00,9504.282
2018-10-02 21:00:00,9682.043
2018-10-03 00:00:00,11549.533
2018-10-03 03:00:00,6990.1416
2018-10-03 06:00:00,5776.261
2018-10-03 09:00:00,8333.253
2018-10-03 12:00:00,11972.738
2018-10-03 15:00:00,10441.58
2018-10-03 18:00:00,11680.142
2018-10-03 21:00:00,10978.799
2018-10-04 00:00:00,11222.834
2018-10-04 03:00:00,7467.4683
2018-10-04 06:00:00,5547.4263
2018-10-04 09:00:00,10506.281
2018-10-04 12:00:00,12554.894
2018-10-04 15:00:00,10936.344
2018-10-04 18:00:00,9403.891
2018-10-04 21:00:00,10047.465
2018-10-05 00:00:00,10906.125
2018-10-05 03:00:00,8654.886
2018-10-05 06:00:00,7993.549
2018-10-05 09:00:00,11032.635
2018-10-05 12:00:00,10476.625
2018-10-05 15:00:00,9386.683
2018-10-05 18:00:00,9505.194
2018-10-05 21:00:00,9029.46
2018-10-06 00:00:00,12794.281
2018-10-06 03:00:00,10871.704
2018-10-06 06:00:00,11070.172
2018-10-06 09:00:00,12231.722
2018-10-06 12:00:00,13855.995
2018-10-06 15:00:00,14438.305
2018-10-06 18:00:00,11582.229
2018-10-06 21:00:00,12985.727
2018-10-07 00:00:00,12908.095
2018-10-07 03:00:00,9217.453
2018-10-07 06:00:00,9503.819
2018-10-07 09:00:00,11505.289
2018-10-07 12:00:00,13274.678
2018-10-07 15:00:00,11073.372
2018-10-07 18:00:00,10827.103
2018-10-07 21:00:00,13394.581
2018-10-08 00:00:00,14747.844
2018-10-08 03:00:00,8823.811
2018-10-08 06:00:00,8178.4424
2018-10-08 09:00:00,10198.815
2018-10-08 12:00:00,14461.358
2018-10-08 15:00:00,13930.4375
2018-10-08 18:00:00,12566.878
2018-10-08 21:00:00,12374.746
2018-10-09 00:00:00,13871.802
2018-10-09 03:00:00,10088.76
2018-10-09 06:00:00,8360.493
2018-10-09 09:00:00,14484.129
2018-10-09 12:00:00,15373.855
2018-10-09 15:00:00,14738.798
2018-10-09 18:00:00,14616.626
2018-10-09 21:00:00,14224.195
2018-10-10 00:00:00,14133.331
2018-10-10 03:00:00,9836.08
2018-10-10 06:00:00,9244.581
2018-10-10 09:00:00,12773.053
2018-10-10 12:00:00,15753.304
2018-10-10 15:00:00,15523.6
2018-10-10 18:00:00,15214.325
2018-10-10 21:00:00,15685.945
2018-10-11 00:00:00,14078.654
2018-10-11 03:00:00,10171.628
2018-10-11 06:00:00,10073.307
2018-10-11 09:00:00,13387.382
2018-10-11 12:00:00,14747.859
2018-10-11 15:00:00,13483.757
2018-10-11 18:00:00,12097.577
2018-10-11 21:00:00,15030.121
2018-10-12 00:00:00,15815.825
2018-10-12 03:00:00,10877.626
2018-10-12 06:00:00,9682.718
2018-10-12 09:00:00,13954.94
2018-10-12 12:00:00,14422.655
2018-10-12 15:00:00,15945.648
2018-10-12 18:00:00,14194.284
2018-10-12 21:00:00,15214.967
2018-10-13 00:00:00,13874.048
2018-10-13 03:00:00,9520.085
2018-10-13 06:00:00,8625.964
2018-10-13 09:00:00,10393.424
2018-10-13 12:00:00,12993.117
2018-10-13 15:00:00,12231.53
2018-10-13 18:00:00,11414.405
2018-10-13 21:00:00,11595.573
2018-10-14 00:00:00,11423.083
2018-10-14 03:00:00,6861.5845
2018-10-14 06:00:00,5584.139
2018-10-14 09:00:00,4261.111
2018-10-14 12:00:00,6618.9536
2018-10-14 15:00:00,5921.7134
2018-10-14 18:00:00,2885.5432
2018-10-14 21:00:00,10223.313
2018-10-15 00:00:00,10762.955
2018-10-15 03:00:00,7320.5776
2018-10-15 06:00:00,6783.3916
2018-10-15 09:00:00,8227.394
2018-10-15 12:00:00,13198.777
2018-10-15 15:00:00,12894.538
2018-10-15 18:00:00,10483.101
2018-10-15 21:00:00,13911.17
2018-10-16 00:00:00,13017.356
2018-10-16 03:00:00,10133.198
2018-10-16 06:00:00,9263.943
2018-10-16 09:00:00,13556.22
2018-10-16 12:00:00,16288.996
2018-10-16 15:00:00,15836.631
2018-10-16 18:00:00,16051.732
2018-10-16 21:00:00,15784.368
2018-10-17 00:00:00,15053.06
2018-10-17 03:00:00,10119.113
2018-10-17 06:00:00,8107.809
2018-10-17 09:00:00,13660.283
2018-10-17 12:00:00,17104.275
2018-10-17 15:00:00,15680.205
2018-10-17 18:00:00,13576.315
2018-10-17 21:00:00,16074.686
2018-10-18 00:00:00,14963.424
2018-10-18 03:00:00,10677.331
2018-10-18 06:00:00,9707.512
2018-10-18 09:00:00,14249.512
2018-10-18 12:00:00,16324.079
2018-10-18 15:00:00,15778.468
2018-10-18 18:00:00,15263.851
2018-10-18 21:00:00,15333.133
2018-10-19 00:00:00,14528.266
2018-10-19 03:00:00,9417.661
2018-10-19 06:00:00,7953.4385
2018-10-19 09:00:00,13775.31
2018-10-19 12:00:00,16213.169
2018-10-19 15:00:00,16355.13
2018-10-19 18:00:00,14672.749
2018-10-19 21:00:00,16069.1455
2018-10-20 00:00:00,13225.426
2018-10-20 03:00:00,11823.149
2018-10-20 06:00:00,10450.046
2018-10-20 09:00:00,10998.62
2018-10-20 12:00:00,13426.41
2018-10-20 15:00:00,11125.268
2018-10-20 18:00:00,11444.807
2018-10-20 21:00:00,10928.508
2018-10-21 00:00:00,13341.08
2018-10-21 03:00:00,8943.462
2018-10-21 06:00:00,7523.2925
2018-10-21 09:00:00,6756.538
2018-10-21 12:00:00,10226.954
2018-10-21 15:00:00,10662.701
2018-10-21 18:00:00,9500.389
2018-10-21 21:00:00,9244.059
2018-10-22 00:00:00,10624.573
2018-10-22 03:00:00,8419.313
2018-10-22 06:00:00,7633.3
2018-10-22 09:00:00,13622.12
2018-10-22 12:00:00,15529.474
2018-10-22 15:00:00,15090.012
2018-10-22 18:00:00,13281.682
2018-10-22 21:00:00,13709.462
2018-10-23 00:00:00,14499.769
2018-10-23 03:00:00,10375.709
2018-10-23 06:00:00,10267.712
2018-10-23 09:00:00,14173.295
2018-10-23 12:00:00,17138.084
2018-10-23 15:00:00,15639.518
2018-10-23 18:00:00,16171.952
2018-10-23 21:00:00,15462.951
2018-10-24 00:00:00,15199.478
2018-10-24 03:00:00,11911.771
2018-10-24 06:00:00,10413.464
2018-10-24 09:00:00,14939.145
2018-10-24 12:00:00,16379.799
2018-10-24 15:00:00,15257.944
2018-10-24 18:00:00,15245.733
2018-10-24 21:00:00,16246.074
2018-10-25 00:00:00,15036.268
2018-10-25 03:00:00,11627.215
2018-10-25 06:00:00,10382.661
2018-10-25 09:00:00,15067.334
2018-10-25 12:00:00,17492.412
2018-10-25 15:00:00,16154.199
2018-10-25 18:00:00,14630.797
2018-10-25 21:00:00,17140.031
2018-10-26 00:00:00,15448.215
2018-10-26 03:00:00,11827.137
2018-10-26 06:00:00,10688.903
2018-10-26 09:00:00,15615.388
2018-10-26 12:00:00,18185.87
2018-10-26 15:00:00,16180.193
2018-10-26 18:00:00,15684.118
2018-10-26 21:00:00,16367.373
2018-10-27 00:00:00,12912.606
2018-10-27 03:00:00,7194.9385
2018-10-27 06:00:00,8111.7583
2018-10-27 09:00:00,8541.983
2018-10-27 12:00:00,7593.192
2018-10-27 15:00:00,8045.654
2018-10-27 18:00:00,9671.353
2018-10-27 21:00:00,7135.9077
2018-10-28 00:00:00,9439.379
2018-10-28 03:00:00,8711.301
2018-10-28 06:00:00,5666.3545
2018-10-28 09:00:00,5982.4272
2018-10-28 12:00:00,5229.183
2018-10-28 15:00:00,6936.325
2018-10-28 18:00:00,2953.1123
2018-10-28 21:00:00,6582.0635
2018-10-29 00:00:00,10101.005
2018-10-29 03:00:00,6301.4263
2018-10-29 06:00:00,20.695724
2018-10-29 09:00:00,5254.044
2018-10-29 12:00:00,8234.396
2018-10-29 15:00:00,5228.589
2018-10-29 18:00:00,7879.355
2018-10-29 21:00:00,9196.473
2018-10-30 00:00:00,8707.563
2018-10-30 03:00:00,5565.2607
2018-10-30 06:00:00,4713.3486
2018-10-30 09:00:00,10349.876
2018-10-30 12:00:00,13198.61
2018-10-30 15:00:00,16746.98
2018-10-30 18:00:00,14997.451
2018-10-30 21:00:00,16613.396
2018-10-31 00:00:00,15610.22
2018-10-31 03:00:00,12073.373
2018-10-31 06:00:00,7002.224
2018-10-31 09:00:00,7070.357
2018-10-31 12:00:00,9630.358
2018-10-31 15:00:00,11138.79
2018-10-31 18:00:00,13002.494
2018-10-31 21:00:00,16616.246
2018-11-01 00:00:00,13713.246
2018-11-01 03:00:00,7497.685
2018-11-01 06:00:00,5942.7886
2018-11-01 09:00:00,9641.952
2018-11-01 12:00:00,12277.745
2018-11-01 15:00:00,12542.928
2018-11-01 18:00:00,11733.621
2018-11-01 21:00:00,13686.321
2018-11-02 00:00:00,11294.795
2018-11-02 03:00:00,6312.8076
2018-11-02 06:00:00,2901.4207
2018-11-02 09:00:00,7518.066
2018-11-02 12:00:00,11168.755
2018-11-02 15:00:00,10903.979
2018-11-02 18:00:00,8888.8
2018-11-02 21:00:00,12813.831
2018-11-03 00:00:00,10921.028
2018-11-03 03:00:00,5656.2134
2018-11-03 06:00:00,4431.442
2018-11-03 09:00:00,8507.72
2018-11-03 12:00:00,10200.624
2018-11-03 15:00:00,10363.592
2018-11-03 18:00:00,8744.805
2018-11-03 21:00:00,9486.849
2018-11-04 00:00:00,10101.515
2018-11-04 03:00:00,7001.9263
2018-11-04 06:00:00,6081.95
2018-11-04 09:00:00,8757.506
2018-11-04 12:00:00,8727.746
2018-11-04 15:00:00,8833.051
2018-11-04 18:00:00,5801.938
2018-11-04 21:00:00,7724.093
2018-11-05 00:00:00,8439.942
2018-11-05 03:00:00,5128.7124
2018-11-05 06:00:00,4159.8613
2018-11-05 09:00:00,7404.519
2018-11-05 12:00:00,8271.151
2018-11-05 15:00:00,6700.5586
2018-11-05 18:00:00,6583.7373
2018-11-05 21:00:00,6715.7285
2018-11-06 00:00:00,9392.085
2018-11-06 03:00:00,8007.8237
2018-11-06 06:00:00,6523.3145
2018-11-06 09:00:00,10506.497
2018-11-06 12:00:00,11373.6455
2018-11-06 15:00:00,12370.807
2018-11-06 18:00:00,11002.743
2018-11-06 21:00:00,12010.001
2018-11-07 00:00:00,13394.39
2018-11-07 03:00:00,10996.414
2018-11-07 06:00:00,10183.595
2018-11-07 09:00:00,12467.159
2018-11-07 12:00:00,14197.989
2018-11-07 15:00:00,15969.12
2018-11-07 18:00:00,14405.829
2018-11-07 21:00:00,13977.171
2018-11-08 00:00:00,13825.891
2018-11-08 03:00:00,10045.018
2018-11-08 06:00:00,7773.9287
2018-11-08 09:00:00,10773.958
2018-11-08 12:00:00,12075.904
2018-11-08 15:00:00,12948.291
2018-11-08 18:00:00,11314.782
2018-11-08 21:00:00,13685.85
2018-11-09 00:00:00,12359.049
2018-11-09 03:00:00,9873.765
2018-11-09 06:00:00,7776.239
2018-11-09 09:00:00,12511.899
2018-11-09 12:00:00,14329.335
2018-11-09 15:00:00,14158.492
2018-11-09 18:00:00,13252.396
2018-11-09 21:00:00,14130.755
2018-11-10 00:00:00,15555.568
2018-11-10 03:00:00,10395.635
2018-11-10 06:00:00,11019.854
2018-11-10 09:00:00,11706.069
2018-11-10 12:00:00,14334.213
2018-11-10 15:00:00,14733.207
2018-11-10 18:00:00,13753.001
2018-11-10 21:00:00,14397.849
2018-11-11 00:00:00,14364.536
2018-11-11 03:00:00,9921.092
2018-11-11 06:00:00,8462.875
2018-11-11 09:00:00,11633.647
2018-11-11 12:00:00,15242.127
2018-11-11 15:00:00,15104.278
2018-11-11 18:00:00,15194.485
2018-11-11 21:00:00,14503.436
2018-11-12 00:00:00,16024.834
2018-11-12 03:00:00,11986.2705
2018-11-12 06:00:00,9710.11
2018-11-12 09:00:00,15309.73
2018-11-12 12:00:00,16230.268
2018-11-12 15:00:00,16237.483
2018-11-12 18:00:00,15233.794
2018-11-12 21:00:00,14841.235
2018-11-13 00:00:00,17050.564
2018-11-13 03:00:00,13722.27
2018-11-13 06:00:00,12706.541
2018-11-13 09:00:00,16194.811
2018-11-13 12:00:00,17148.715
2018-11-13 15:00:00,16915.578
2018-11-13 18:00:00,17343.373
2018-11-13 21:00:00,17941.312
2018-11-14 00:00:00,15302.41
2018-11-14 03:00:00,13050.295
2018-11-14 06:00:00,10841.709
2018-11-14 09:00:00,15330.983
2018-11-14 12:00:00,16576.545
2018-11-14 15:00:00,16994.947
2018-11-14 18:00:00,18057.736
2018-11-14 21:00:00,17500.121
2018-11-15 00:00:00,17179.844
2018-11-15 03:00:00,13152.446
2018-11-15 06:00:00,12216.284
2018-11-15 09:00:00,15423.082
2018-11-15 12:00:00,17337.58
2018-11-15 15:00:00,17443.734
2018-11-15 18:00:00,16995.396
2018-11-15 21:00:00,19180.715
2018-11-16 00:00:00,17204.098
2018-11-16 03:00:00,13301.544
2018-11-16 06:00:00,9645.57
2018-11-16 09:00:00,18247.33
2018-11-16 12:00:00,18348.12
2018-11-16 15:00:00,19075.36
2018-11-16 18:00:00,18327.32
2018-11-16 21:00:00,18153.041
2018-11-17 00:00:00,14955.88
2018-11-17 03:00:00,8635.788
2018-11-17 06:00:00,7756.0044
2018-11-17 09:00:00,8797.461
2018-11-17 12:00:00,12986.223
2018-11-17 15:00:00,13894.544
2018-11-17 18:00:00,13242.924
2018-11-17 21:00:00,14716.498
2018-11-18 00:00:00,13803.285
2018-11-18 03:00:00,11397.572
2018-11-18 06:00:00,7919.2803
2018-11-18 09:00:00,7355.224
2018-11-18 12:00:00,11083.592
2018-11-18 15:00:00,11419.175
2018-11-18 18:00:00,10855.589
2018-11-18 21:00:00,8545.648
2018-11-19 00:00:00,12589.592
2018-11-19 03:00:00,9288.091
2018-11-19 06:00:00,8966.59
2018-11-19 09:00:00,13762.104
2018-11-19 12:00:00,19236.225
2018-11-19 15:00:00,19946.896
2018-11-19 18:00:00,14798.886
2018-11-19 21:00:00,16692.506
2018-11-20 00:00:00,17264.6
2018-11-20 03:00:00,9560.672
2018-11-20 06:00:00,7759.5317
2018-11-20 09:00:00,11499.599
2018-11-20 12:00:00,15259.029
2018-11-20 15:00:00,12404.3125
2018-11-20 18:00:00,12646.002
2018-11-20 21:00:00,14222.861
2018-11-21 00:00:00,13491.72
2018-11-21 03:00:00,8145.4795
2018-11-21 06:00:00,9458.098
2018-11-21 09:00:00,13105.751
2018-11-21 12:00:00,15489.645
2018-11-21 15:00:00,16900.914
2018-11-21 18:00:00,17703.041
2018-11-21 21:00:00,19555.688
2018-11-22 00:00:00,15902.128
2018-11-22 03:00:00,12262.436
2018-11-22 06:00:00,10245.569
2018-11-22 09:00:00,15689.61
2018-11-22 12:00:00,18236.533
2018-11-22 15:00:00,19618.656
2018-11-22 18:00:00,17264.328
2018-11-22 21:00:00,18006.08
2018-11-23 00:00:00,16536.186
2018-11-23 03:00:00,12986.773
2018-11-23 06:00:00,10304.579
2018-11-23 09:00:00,14604.149
2018-11-23 12:00:00,17478.686
2018-11-23 15:00:00,17061.83
2018-11-23 18:00:00,14922.686
2018-11-23 21:00:00,18529.32
2018-11-24 00:00:00,15800.676
2018-11-24 03:00:00,8244.279
2018-11-24 06:00:00,9180.248
2018-11-24 09:00:00,8960.136
2018-11-24 12:00:00,11644.993
2018-11-24 15:00:00,11190.272
2018-11-24 18:00:00,12826.819
2018-11-24 21:00:00,13258.339
2018-11-25 00:00:00,14281.0205
2018-11-25 03:00:00,7076.712
2018-11-25 06:00:00,3471.7952
2018-11-25 09:00:00,5055.297
2018-11-25 12:00:00,7437.9175
2018-11-25 15:00:00,4530.103
2018-11-25 18:00:00,8377.515
2018-11-25 21:00:00,9137.701
2018-11-26 00:00:00,8928.788
2018-11-26 03:00:00,3722.5122
2018-11-26 06:00:00,5232.902
2018-11-26 09:00:00,9475.907
2018-11-26 12:00:00,14123.912
2018-11-26 15:00:00,16059.828
2018-11-26 18:00:00,17027.957
2018-11-26 21:00:00,17463.723
2018-11-27 00:00:00,16604.074
2018-11-27 03:00:00,11659.42
2018-11-27 06:00:00,11848.299
2018-11-27 09:00:00,18123.959
2018-11-27 12:00:00,18729.756
2018-11-27 15:00:00,17786.785
2018-11-27 18:00:00,20411.47
2018-11-27 21:00:00,20202.096
2018-11-28 00:00:00,16614.238
2018-11-28 03:00:00,11638.398
2018-11-28 06:00:00,10674.78
2018-11-28 09:00:00,13848.52
2018-11-28 12:00:00,18630.637
2018-11-28 15:00:00,21350.334
2018-11-28 18:00:00,19116.184
2018-11-28 21:00:00,20370.059
2018-11-29 00:00:00,15554.708
2018-11-29 03:00:00,10921.466
2018-11-29 06:00:00,8813.31
2018-11-29 09:00:00,15594.486
2018-11-29 12:00:00,18625.928
2018-11-29 15:00:00,17180.9
2018-11-29 18:00:00,20720.281
2018-11-29 21:00:00,18005.984
2018-11-30 00:00:00,15604.411
2018-11-30 03:00:00,11761.172
2018-11-30 06:00:00,8279.744
2018-11-30 09:00:00,15929.99
2018-11-30 12:00:00,16851.674
2018-11-30 15:00:00,16425.967
2018-11-30 18:00:00,17204.693
2018-11-30 21:00:00,19710.29
2018-12-01 00:00:00,14557.197
2018-12-01 03:00:00,9441.899
2018-12-01 06:00:00,6166.996
2018-12-01 09:00:00,9434.734
2018-12-01 12:00:00,12499.548
2018-12-01 15:00:00,13596.856
2018-12-01 18:00:00,13289.257
2018-12-01 21:00:00,10379.368
2018-12-02 00:00:00,12031.002
2018-12-02 03:00:00,4354.464
2018-12-02 06:00:00,3499.5867
2018-12-02 09:00:00,5488.5312
2018-12-02 12:00:00,9129.72
2018-12-02 15:00:00,7535.095
2018-12-02 18:00:00,8784.959
2018-12-02 21:00:00,7781.023
2018-12-03 00:00:00,9239.196
2018-12-03 03:00:00,3828.4458
2018-12-03 06:00:00,3238.5908
2018-12-03 09:00:00,7177.1255
2018-12-03 12:00:00,10456.519
2018-12-03 15:00:00,8201.294
2018-12-03 18:00:00,7553.266
2018-12-03 21:00:00,8793.801
2018-12-04 00:00:00,9139.186
2018-12-04 03:00:00,4874.5176
2018-12-04 06:00:00,4578.3984
2018-12-04 09:00:00,8887.349
2018-12-04 12:00:00,9204.951
2018-12-04 15:00:00,10751.12
2018-12-04 18:00:00,9680.575
2018-12-04 21:00:00,9941.953
2018-12-05 00:00:00,10957.454
2018-12-05 03:00:00,5834.7217
2018-12-05 06:00:00,5496.6294
2018-12-05 09:00:00,8831.552
2018-12-05 12:00:00,10667.874
2018-12-05 15:00:00,12283.192
2018-12-05 18:00:00,11139.607
2018-12-05 21:00:00,9835.013
2018-12-06 00:00:00,12262.197
2018-12-06 03:00:00,11269.35
2018-12-06 06:00:00,10744.633
2018-12-06 09:00:00,12200.878
2018-12-06 12:00:00,14047.883
2018-12-06 15:00:00,14127.037
2018-12-06 18:00:00,13047.075
2018-12-06 21:00:00,13055.389
2018-12-07 00:00:00,13453.248
2018-12-07 03:00:00,11754.132
2018-12-07 06:00:00,10429.026
2018-12-07 09:00:00,14709.204
2018-12-07 12:00:00,16742.889
2018-12-07 15:00:00,11685.72
2018-12-07 18:00:00,12115.334
2018-12-07 21:00:00,11309.546
2018-12-08 00:00:00,13506.602
2018-12-08 03:00:00,11801.476
2018-12-08 06:00:00,8543.877
2018-12-08 09:00:00,12743.196
2018-12-08 12:00:00,14688.605
2018-12-08 15:00:00,14436.796
2018-12-08 18:00:00,13859.653
2018-12-08 21:00:00,15806.47
2018-12-09 00:00:00,15267.577
2018-12-09 03:00:00,10381.951
2018-12-09 06:00:00,9340.334
2018-12-09 09:00:00,12662.67
2018-12-09 12:00:00,15421.117
2018-12-09 15:00:00,13974.226
2018-12-09 18:00:00,14054.192
2018-12-09 21:00:00,14989.974
2018-12-10 00:00:00,13343.534
2018-12-10 03:00:00,10497.533
2018-12-10 06:00:00,9168.694
2018-12-10 09:00:00,13583.087
2018-12-10 12:00:00,14521.544
2018-12-10 15:00:00,14424.536
2018-12-10 18:00:00,13361.237
2018-12-10 21:00:00,15448.428
2018-12-11 00:00:00,15828.18
2018-12-11 03:00:00,12757.297
2018-12-11 06:00:00,11904.297
2018-12-11 09:00:00,16381.921
2018-12-11 12:00:00,19664.275
2018-12-11 15:00:00,18535.562
2018-12-11 18:00:00,17723.816
2018-12-11 21:00:00,17211.777
2018-12-12 00:00:00,16115.57
2018-12-12 03:00:00,12791.764
2018-12-12 06:00:00,9582.777
2018-12-12 09:00:00,15436.989
2018-12-12 12:00:00,16614.3
2018-12-12 15:00:00,17528.877
2018-12-12 18:00:00,18078.252
2018-12-12 21:00:00,18498.744
2018-12-13 00:00:00,15079.603
2018-12-13 03:00:00,5595.2134
2018-12-13 06:00:00,3639.8613
2018-12-13 09:00:00,9129.867
2018-12-13 12:00:00,11996.03
2018-12-13 15:00:00,9369.797
2018-12-13 18:00:00,11490.0
2018-12-13 21:00:00,14302.997
2018-12-14 00:00:00,11999.209
2018-12-14 03:00:00,6147.406
2018-12-14 06:00:00,4506.367
2018-12-14 09:00:00,11421.547
2018-12-14 12:00:00,13780.245
2018-12-14 15:00:00,14546.481
2018-12-14 18:00:00,16028.202
2018-12-14 21:00:00,19508.262
2018-12-15 00:00:00,17216.62
2018-12-15 03:00:00,10163.19
2018-12-15 06:00:00,5252.1143
2018-12-15 09:00:00,9189.245
2018-12-15 12:00:00,12951.222
2018-12-15 15:00:00,12830.195
2018-12-15 18:00:00,9094.8955
2018-12-15 21:00:00,10241.734
2018-12-16 00:00:00,12895.067
2018-12-16 03:00:00,6320.942
2018-12-16 06:00:00,4304.446
2018-12-16 09:00:00,4969.642
2018-12-16 12:00:00,10711.172
2018-12-16 15:00:00,6951.231
2018-12-16 18:00:00,5867.8384
2018-12-16 21:00:00,8294.003
2018-12-17 00:00:00,10203.208
2018-12-17 03:00:00,11099.33
2018-12-17 06:00:00,10238.497
2018-12-17 09:00:00,15949.292
2018-12-17 12:00:00,17788.496
2018-12-17 15:00:00,17378.957
2018-12-17 18:00:00,17509.709
2018-12-17 21:00:00,16050.005
2018-12-18 00:00:00,13486.509
2018-12-18 03:00:00,9445.692
2018-12-18 06:00:00,7174.608
2018-12-18 09:00:00,14664.063
2018-12-18 12:00:00,17283.27
2018-12-18 15:00:00,17793.014
2018-12-18 18:00:00,17586.383
2018-12-18 21:00:00,19742.8
2018-12-19 00:00:00,16072.879
2018-12-19 03:00:00,7799.9956
2018-12-19 06:00:00,10091.454
2018-12-19 09:00:00,12224.156
2018-12-19 12:00:00,14793.577
2018-12-19 15:00:00,14990.86
2018-12-19 18:00:00,17225.355
2018-12-19 21:00:00,19193.143
2018-12-20 00:00:00,17266.459
2018-12-20 03:00:00,11434.842
2018-12-20 06:00:00,10452.141
2018-12-20 09:00:00,14513.675
2018-12-20 12:00:00,16704.242
2018-12-20 15:00:00,17959.52
2018-12-20 18:00:00,15671.805
2018-12-20 21:00:00,15666.743
2018-12-21 00:00:00,17007.252
2018-12-21 03:00:00,9196.385
2018-12-21 06:00:00,7354.656
2018-12-21 09:00:00,14624.895
2018-12-21 12:00:00,15817.064
2018-12-21 15:00:00,16567.07
2018-12-21 18:00:00,17294.865
2018-12-21 21:00:00,18173.44
2018-12-22 00:00:00,15579.461
2018-12-22 03:00:00,11690.783
2018-12-22 06:00:00,8904.116
2018-12-22 09:00:00,9964.768
2018-12-22 12:00:00,13133.477
2018-12-22 15:00:00,12390.397
2018-12-22 18:00:00,13533.649
2018-12-22 21:00:00,13482.669
2018-12-23 00:00:00,13612.898
2018-12-23 03:00:00,8635.585
2018-12-23 06:00:00,6291.708
2018-12-23 09:00:00,6385.036
2018-12-23 12:00:00,12138.141
2018-12-23 15:00:00,11592.266
2018-12-23 18:00:00,11958.317
2018-12-23 21:00:00,13727.341
2018-12-24 00:00:00,10989.691
2018-12-24 03:00:00,9283.269
2018-12-24 06:00:00,6686.8135
2018-12-24 09:00:00,9516.95
2018-12-24 12:00:00,13260.729
2018-12-24 15:00:00,13871.434
2018-12-24 18:00:00,11540.388
2018-12-24 21:00:00,10308.568
2018-12-25 00:00:00,11199.402
2018-12-25 03:00:00,8484.837
2018-12-25 06:00:00,7853.619
2018-12-25 09:00:00,11745.2
2018-12-25 12:00:00,15324.215
2018-12-25 15:00:00,14629.085
2018-12-25 18:00:00,13824.0
2018-12-25 21:00:00,12080.3125
2018-12-26 00:00:00,13709.637
2018-12-26 03:00:00,8899.312
2018-12-26 06:00:00,6795.7197
2018-12-26 09:00:00,10268.624
2018-12-26 12:00:00,13700.126
2018-12-26 15:00:00,14089.913
2018-12-26 18:00:00,13380.394
2018-12-26 21:00:00,11489.582
2018-12-27 00:00:00,11721.97
2018-12-27 03:00:00,9794.054
2018-12-27 06:00:00,6689.905
2018-12-27 09:00:00,10529.696
2018-12-27 12:00:00,12806.685
2018-12-27 15:00:00,12015.782
2018-12-27 18:00:00,11918.989
2018-12-27 21:00:00,11830.523
2018-12-28 00:00:00,11129.006
2018-12-28 03:00:00,7597.4116
2018-12-28 06:00:00,5163.2183
2018-12-28 09:00:00,7206.3306
2018-12-28 12:00:00,13066.796
2018-12-28 15:00:00,11119.979
2018-12-28 18:00:00,10322.294
2018-12-28 21:00:00,11244.104
2018-12-29 00:00:00,8937.98
2018-12-29 03:00:00,3716.0244
2018-12-29 06:00:00,5092.2944
2018-12-29 09:00:00,6452.251
2018-12-29 12:00:00,9152.122
2018-12-29 15:00:00,6316.3813
2018-12-29 18:00:00,7583.2188
2018-12-29 21:00:00,11308.177
2018-12-30 00:00:00,10112.209
2018-12-30 03:00:00,6528.1846
2018-12-30 06:00:00,4736.0093
2018-12-30 09:00:00,5225.1562
2018-12-30 12:00:00,7726.374
2018-12-30 15:00:00,6014.15
2018-12-30 18:00:00,6165.5156
2018-12-30 21:00:00,10838.105
2018-12-31 00:00:00,13009.733
2018-12-31 03:00:00,8010.688
2018-12-31 06:00:00,8182.443
2018-12-31 09:00:00,12348.183
2018-12-31 12:00:00,13310.234
2018-12-31 15:00:00,12582.21
2018-12-31 18:00:00,11744.328
2018-12-31 21:00:00,15107.013
